word, file_name, chinese
baa1, baa1.wav, §aÓÁ×ĞÎ¤ÓJ¸´¯¹ªİ¬Í¥z¤Úª¨
baa2, baa2.wav, §â¹vÜj
baa3, baa3.wav, ¹v§â¯ÒÔÅÊÓÅôÅòÅQ§B
baa6, baa6.wav, ĞùôxÖf§a½}
baai1, baai1.wav, ÙT«ôÀ¼
baai2, baai2.wav, ÕyÙTÂ\Äü
baai3, baai3.wav, «ô´ûÊÑ
baai6, baai6.wav, ãaŞû¾Î±ÑĞù
baak1, baak1.wav, ­¢
baak3, baak3.wav, ÛÅÎàÚ÷ªyÀĞïöÄôôXÁ£¦Ê§B¬f²í¨Õ
baak6, baak6.wav, §¸°ËµèÙáçô©­½³¥Õ²í¤Ràû
baan1, baan1.wav, èì´³¯Z¹{½IÌÁ§æİ½
baan2, baan2.wav, ªO¨Á§æèããíÌÆ¯ê¶zÁóª©
baan3, baan3.wav, §ê
baan6, baan6.wav, ¨ÁÌÆ§êÕäÉbÃ¤¿ì
baang6, baang6.wav, Ô¸á]Á^ÔwÂÛ
baat3, baat3.wav, ÏY¥¶¤K®ÃÉT
baat6, baat6.wav, ĞnèÙ
baau1, baau1.wav, ÏRÖİ¥]­M¬¶ÀjÌU­c
baau2, baau2.wav, Ì¯àã¹¡
baau3, baau3.wav, ÓåÃz¬¶
baau6, baau6.wav, Àjõ¾äÆ
bai1, bai1.wav, ¶_¿{Ò¥çæãÉñ]
bai3, bai3.wav, ¯¦¯µíWªc°ñéX³¬½ª
bai6, bai6.wav, °¡ßåÕ²Ò¥Ê¯Á£Şûãaæu±Í¹úæ~ÀÅ¹ô÷À
bak1, bak1.wav, ¥_
bam1, bam1.wav, ¥ã¬¦
ban1, ban1.wav, ÍIÕëÀØ¾ª»«÷gó~ÑÙÄ}©bôÄğ@ëæÙyÍjÌÁË¬É¢ÁÇ¶NÂb±lÃxøÓÙ×ò£äRğ¼îWöc¥÷
ban2, ban2.wav, ¸[«~
ban3, ban3.wav, ÆKÕë»«©bÀ§øÔìèÂÁÂl¾ª¶N
ban6, ban6.wav, Ê®²ÂÊ^Ê¬ÍZÍIÉq
bang1, bang1.wav, ÕMÚíÁ^ÂÛÏôÔ¸±Yá]Ü½ŞÒ
bang2, bang2.wav, ¬Ç
bang6, bang6.wav, ¾Ì
bat1, bat1.wav, órë}ÏÇµ§²¦¬Ç¹ÍÂŞÊ}á¿â}çníÃíÖêáæg¤£æ_ªc÷Æöz
bat6, bat6.wav, ĞWèÙèÆÍÓĞn©ØÏYÛÙÏŞÌLàûÚ·ñä¦ò©Şªc¶[´]¹YÉ¥ĞZĞlÛnÛı
bau6, bau6.wav, Ø~°öŞÀ
be1, be1.wav, °à
bei1, bei1.wav, òÓÙÁ·ôÌY¶G«@Û|òpò¼¸Oóí°ñãÉ»t¨õ´dÕK¿{
bei2, bei2.wav, §­ËpÏù·BÏi¤P¬s¨]Ôı©¼ÉõÍqñ¹ççï@ÏD¤ñ­Ú
bei3, bei3.wav, èW«@æ_¶OãX¯µ¤ñàÍÎüÍÓÍ¶¶NªcÓKÏÇ¶_§ÈÏİàâ·ôÁuÚªŞÍÏh¹cÍq¶G¯¦½úÅ¯
bei6, bei6.wav, ¾ÎÁ£¹@ñ]¤ñ³Q³ÆğlãÉÁ×»óèÖöSôÊïÀêÇèÒäÇ¿{âÈºè¤P
bek3, bek3.wav, ¾À
beng2, beng2.wav, »Ğ»æ
beng3, beng3.wav, ¬`
beng6, beng6.wav, ¯f
bik1, bik1.wav, ¹Gé¤ò·ë¾ãDéqõzù~ãsßtİĞÚ·ÙğÙ\ÙAÃÎÔMôÙ´pÂzºÑ­¢¾À¹@ğI±Æ
bik3, bik3.wav, ¾ÀÂz
bin1, bin1.wav, õ«Ãä½¿øûæÛâÖÄ|ßÏÚx¯¢Ã@ŞtçKæì
bin2, bin2.wav, ¯¢ãHâóçæÙGÒö½ÊßÏ«K½¿°Ğ¶S«ó
bin3, bin3.wav, ÅÜ¹M
bin6, bin6.wav, ËZÖÚÊçÊÙ¥¯¤Ë¨X¨¼¿ëÅG«KçKàÏìª
bing1, bing1.wav, Õ|«Ì¥âÑÙÂb¦}¦B§L
bing2, bing2.wav, °n¤şÔR´¬ï@ØÖÎôÍÔĞ~Ì}¬±ªÃ«Ì×®Îµ»æÒ÷ÍÜ
bing3, bing3.wav, Ì}ÎµÔ¸á]Úí¨Ã´¬°n¨Ö¦}¬`
bing6, bing6.wav, ¯f¨Ö¨Ã¦}
bit1, bit1.wav, ËÛĞl¥²ÊZÍÓÌzÏÇàâèÆë}ìt¹cäÑ
bit3, bit3.wav, §Où½îoñJåx¹ûÅ¾÷À
bit6, bit6.wav, §OÃ§äÑîvàâñDĞlîo×¡
biu1, biu1.wav, ïìäÍæd¿öç[ÅÀÅYèğááêlì¹ğêòÂòËô¢ùÍóHòlÜ­ád¼Ğ²¼³C½¨Ãğ¨@ötÅßÔIÚnâ¤
biu2, biu2.wav, íF¿öã÷±DĞÏîtªíçà
biu3, biu3.wav, ĞÏ
biu6, biu6.wav, ÅY²¼
bo1, bo1.wav, µfªi¬Á¯ë«@í¨àşågŞëÔq©YµÔ
bo2, bo2.wav, ¶_Ã°
bo3, bo3.wav, ×°¼½Ã°óB¾I
bok1, bok1.wav, ­éò®
bok3, bok3.wav, ìaï¼ïÌñWñ®éPõfõÎöJùRğcù{ŞªàûÃz³Õ¿£»é·i»K­½Ğc
bok6, bok6.wav, äcÒüõÎùRò¡òo¹r­½î¬¾zÒ½Ín¹`»Z²íºäªyÁ¡ïö¿£
bong1, bong1.wav, ÑWêÛÀ°¨¹±õñ}´^
bong2, bong2.wav, ¿Àİ{»H¸jº]âÆã®êÛ
bong3, bong3.wav, Á½İ{êõírº]
bong6, bong6.wav, ·Kã®³Ä½SÂéÔ¾êõÜë®Ç
bou1, bou1.wav, ×ãÑlÕªëUŞs¹ZèÂ»§½Ç­÷
bou2, bou2.wav, èéä×Ñe¸¶½È®E³ù¸ÉÄ_«OØ¿ñÑää
bou3, bou3.wav, »§§G®HôIì¼Ëì©ÆÌ·èÂ³ø¥¬
bou6, bou6.wav, ÑÊÂríËëXçOÛ­­÷°ğÃ¯ù{®·¨B³¡©êŞÀÃnñÑäc¼É
bui1, bui1.wav, ªMÕµ¬×
bui3, bui3.wav, ÑÏÕË®¯ÏºÖtçÈÔS­IªõÜX¥_äO­¿½ú¨©´®¯V¾XÒS
bui6, bui6.wav, ÎrÙ«®¯µH§¸ÜXäOªõ­IÔSĞùÓ«»÷©Ì
buk1, buk1.wav, àëÃÚ¾ëæ{öJÀäù{¤R
buk6, buk6.wav, ¥ñ¹²Ãn¾ë¼ÉÀä¤²öJÂrôõô¯ó_óYğÖåNÃÚ
bun1, bun1.wav, ·h¯ëëx
bun2, bun2.wav, ¯cÓI­f¥»
bun3, bun3.wav, ä¿©r¥b²Ì
bun6, bun6.wav, àÁËş¦ñÌ­«q¯`ä¿©Õ­D²ÌÎı
bung2, bung2.wav, ÛfÚ¦±·Íf¬ÇÚ}
bung6, bung6.wav, Ô¾
but3, but3.wav, ¼·µo¯ëÒÜğÔø[²Ú
but6, but6.wav, èÁµoÑ´ÏYĞp¼·«k²ä¶[Óö´ñ²ò®¯ğÔß´ñĞ§¸¹YĞş×XÒJÕÅèwø[óQì`
caa1, caa1.wav, ¤e®tñ`ĞuëÁêöÉêËCÜØ³å
caa3, caa3.wav, Ğ®§Ã¸ÒĞLÙÛËCË²ãÜÉÍÉü
caa4, caa4.wav, ¯ùÓ³¶îĞu²şÑÌ¬d·gâAİÓÍ¤ÎQ
caai1, caai1.wav, ÔT®t²q³¦İ¶
caai2, caai2.wav, ¿åàlàs½ò
caai3, caai3.wav, ÓÙö×òãæ¯åD
caai4, caai4.wav, ÖÂÜ×Ó¥¾«°[®ã
caak1, caak1.wav, ´l´ú
caak3, caak3.wav, ãÑå¨Îã¬]ŞãÓ|ÉY©\ßI©î¥Uµ¦
caak6, caak6.wav, ¸éòå
caam1, caam1.wav, ºUá­Ë¦Õ·ö|ÁhÄe°Ñ
caam2, caam2.wav, íÈºGÙ©å£øvÊü
caam3, caam3.wav, áß§üÄbÃ_Æ@Êü
caam4, caam4.wav, ÓÉôâÃ_¹ñê¨÷ïÄ`ñíô@ôdâÌõĞùUÀÕÅşÆaºFº¥Åú
caam5, caam5.wav, ¹ññí
caan1, caan1.wav, À\
caan2, caan2.wav, ²£á®Ë±Ãê¶ĞíºâsÄó
caan3, caan3.wav, Àé´GÀöÄóßTêD
caan4, caan4.wav, ´İ
caang1, caang1.wav, õYôş¿şÚ¥³ÉÅLÂòÚgäøºj¼µ¿eª§éÚ­Î
caang2, caang2.wav, ¾í
caang3, caang3.wav, Úg
caang4, caang4.wav, ÀüÙW¾í­ÎÉïÔÉÕ£Ù³å³îÚ±W
caap3, caap3.wav, Êíêj´¡îĞĞh
caat3, caat3.wav, ïÖ¹îøµô}Ã¡ìÀÔ|«b¨êÀ¿
caau1, caau1.wav, äòêâ¶Ïİz×Ë¶Ó§Û¶r
caau2, caau2.wav, Ú^×ËÓfª£§n
caau3, caau3.wav, Óf¶rÍ«
caau4, caau4.wav, â®æÓñHåÜäq±_¶Ó
cai1, cai1.wav, ãhĞâ±~óÜµÖÑá×é´Ï²YË¥©dìQÑjËP
cai2, cai2.wav, Ò¯Ïuãhàs
cai3, cai3.wav, ŞÎæ·ãÜËP¤Á©d¬äÜ¿
cai4, cai4.wav, òxÅ´ùcìãôÅÂÉØCô·»ôù\
cai5, cai5.wav, ğDÂÉù\
cak1, cak1.wav, ´ú´lÒÂ´Z
cam1, cam1.wav, ×ëß\Õ·ï]íÈ°Ñ®ûµ`çáá­çíÙÇ«Ié[
cam2, cam2.wav, ³Éë¿äıá^èjØÔê§¹ìé·ğõ
cam3, cam3.wav, òûºUÂôĞ÷Æ@
cam4, cam4.wav, ëCµ÷ôì¨H´MğØÜq´ï×Yé¯Ìè¨Iêg¼ñøXå@êKå´ôjêGñ¿èVõÕ
cam5, cam5.wav, ¿¸
cam6, cam6.wav, òû
can1, can1.wav, ÜÒî¯¿Ë½Q
can2, can2.wav, Ì½æÒ÷|ÒÔÒÁÖì¿¦×¿ÜHõhÌº«{Õw¬ÏÏèó[¶E¯lÊXâ\èĞ÷È
can3, can3.wav, ÄhÔW¿ËºÙ¶XÅ¨¬Ïò\ñğï¸ôÃïµ
can4, can4.wav, ç}¹Ğåç³¯îj
cang1, cang1.wav, äøí¸
cang3, cang3.wav, óO
cang4, cang4.wav, ÷y¼WŞğ´¿Â¹¼håeèU
cap1, cap1.wav, ãgßÂÎH·a½r¿èéïë®îD´¥éiÙó
cat1, cat1.wav, ¤CÕÃº£¬m
cau1, cau1.wav, ßÇ©âõ®¬îêÅÄÏêoææÏ»İßç½ğÌë»äaİ±ÂşöDÖèÔÛÚGØÏôl©o
cau2, cau2.wav, ÁàÊ|½ìÌØâäÌä¤¡ÔZ
cau3, cau3.wav, ÒµíÅ¯ä´~å{«µçT´ê¶åİÎ·Í¿êÜÃßsëiêÉâh
cau4, cau4.wav, ìPàEÃ¥ÄwŞuïıà}ç£ìyìÛìåÙÔÑîôlÎÏìÔĞó¾©­©±¨øAÅC¥}¸Yº÷÷µóÌÚö¹SØÙĞv»vÛ¬¤³Öèªsğª
cau5, cau5.wav, ´s
ce1, ce1.wav, ÚÏÎa×sğà¨®íB°ø
ce2, ce2.wav, ÎG§è¤Ø¥Báä÷ÔÉ­
ce3, ce3.wav, Ûí
ce4, ce4.wav, ¨¸à|²ş±×
cek3, cek3.wav, Ó¿¨ë¤Ø¨ª§`
ceng1, ceng1.wav, ²M«C
ceng2, ceng2.wav, ½Ğ
ceng4, ceng4.wav, ´¸
ceoi1, ceoi1.wav, ê¥³I±ZïÆ×O½AàbáQágáü¥BêÎ½ìªqğğâ¨óiĞu¯£¯j¶ÊÜÅÏs§jÁÍÛí°IºRª¤
ceoi2, ceoi2.wav, ¨úçñâ¨½A´¢°ù¥B
ceoi3, ceoi3.wav, ã\ĞÉí¹åDÑtÙåãcêï²f¾õòóÚXÛQÔu°ù§j»A½ì¯ÜêìÊmª¤
ceoi4, ceoi4.wav, ÍDÂñºlİ´½iİŞß¡ßÈçD´Õ¶¦ºR°£ÀH¼p®}ÚPà¼±OáĞãÁ´¨ßïÒ\ñÂÜÅÁèê¾ê¥ŞQÃo±Z
ceon1, ceon1.wav, ØÇÍµµr¬KİÏÌ×éÎëÏİÅõªÄLõs×çµ¤ä_
ceon2, ceon2.wav, ßØÄøİeÔbë·
ceon4, ceon4.wav, ¯³ÑìĞJ¹¥¦¯¨µ´`İAù£ŞLë^ã¸
ceot1, ceot1.wav, ²Ò¥XÄÕÂJÖM©Å
ci1, ci1.wav, Ò¯¦¸çâòÛäºÚçêwÛî®¡êÌåËùj¸äÅhÎMàlÖÃñ«à^®töàõ½îZì®ìlèÀáÛß]Ü÷ÛIÚ«Ø[Ö²ÓûÓlÅ^²ÇáNõe¶áøu²«Ã¨°E·ö»ÛĞô
ci2, ci2.wav, Ë½¨¨ÉæÎaÏuÖ¦¿É¥ÚÎG¨×¦¢®¢ÎjÎÊğëÎŞĞ^Ò¯İ¶¬UàNËDàl¾¦¬çïrä¤¦¹©l
ci3, ci3.wav, ®¡ä`³ß´Z¦¸ÑïõU¨ë¯Í½ç¼m¿K³×àkÉôËµì¾Î¸ÒÕæúÓlÓÌÚëÛlÛ´àeÊd
ci4, ci4.wav, ¦ÀÑúõ¬ÌóÂÀî¡¸äÏZªv«ùºÏµü¿ğåwÃã½ó²«²¡·O¹£Ó³°Í¯÷éY¦¢¯¨×¨åúËûëÂ¼UÓ¢ª|Ûéí[àÀÓ¥ào¤lĞzãNãWè¿êÁ¯ıÂÉíùéúĞ´
ci5, ci5.wav, ÒI©q«î¬U¦ü²ààÀàj¨áÔ_Éú«Ï
cik1, cik1.wav, ¼Søy¼Øód÷Â´·¿lõ{áâŞÖÒÂÌ¸ÉLê£¼¡ÑŞÁ±±Õ¶½¥w¥¸±­ªRÕêèS×©àÉ
cik3, cik3.wav, ¨ë¨ªÑÅ
cim1, cim1.wav, ÅÖÛeôbïDélõÏôÒôMîVé¢Ã±öjÄèÅÒ¾æÜÂôCß\äyèjéWè~Ï[òîÛÑ¦ûø¼ëàùT
cim2, cim2.wav, ½Ô
cim3, cim3.wav, ¾æåŞ¹ÕÄb¹°
cim4, cim4.wav, ëCå´êGêHñ¿¼çõÕ
cim5, cim5.wav, ¹°åŞ
cin1, cin1.wav, ÉÑË¡¥a¾E¤dÆHÉçÙÀ¦éòV
cin2, cin2.wav, â^ğsöØëAêLåoåCÄÄóA²L
cin4, cin4.wav, «e÷^¿úÄñåsïíò°ØÄó´ÚR
cin5, cin5.wav, ĞĞ½î
cing1, cing1.wav, µ×ÅLòŞë¹Ô«ÔWì÷ÄJÙæ»f«C²MºÙ½ĞÍÇä¾×ğí¸
cing2, cing2.wav, ÁşÜğ¥à°rå³ßôÕG³x¬@ÒVÑ­©ÓÉ¡½Ğ
cing3, cing3.wav, ºÙ¯¯ŞíÕ¢Ğáä¾ÔW­Å
cing4, cing4.wav, äsµ{ÕÚğÃïOæJ¦¨ßôÑL¼áÃgÀü´¸§eÖm±¡Ùæ¼x×I
cip3, cip3.wav, õBóÒçõÛÚÛaËá©cĞ¶ğßÔs
cit3, cit3.wav, ÏP¬äïÇçQÉKÂáËP´wº«ºM¹ı¤Á³]Ö[Ûí
ciu1, ciu1.wav, éköd¬·ò²Ì¢Ìp°x¬Là¸èÏÀÏÒØÁê¶Wîé
ciu2, ciu2.wav, ´sÔZŞ¢®¨
ciu3, ciu3.wav, Ã×Ñs»¦ÀT«N®k¨vä]
ciu4, ciu4.wav, Ï¹æNáBÛ¨´Âô÷¼éÁ@¼¬¾ö®ĞÃ×Ú¼åXåhêN
ciu5, ciu5.wav, ®¨
co1, co1.wav, ½R·b¯ìÁÎ·D×aèOØTâÉâÏÂú®tö½æ¯ªìöÉ
co2, co2.wav, äñéêíGâÏÚÍ×LÂ¦·¡
co3, co3.wav, ÍèãÄ×kÑY¿ùÍñ¾V®ÀĞè
co4, co4.wav, ÚÄÚµ÷fÜúßqà¼Âúæ¯îËö½öÉ¾S·Dùjçhãµ
co5, co5.wav, §¤
coek3, coek3.wav, è@¨¢¾»ÉşÚZ¨ôÄN¨`ê«®àí²ÔØçïÙ¶ŞçºïŞÖôaÜNÂWØ½ĞÓæ|
coeng1, coeng1.wav, öÁñBöĞá¬µ¡Ö@Ãòá×ãR¶æ­Ò©÷Ú¨áì±N·m§wºjóx±@î¾Âò­ÎÄIÌÂÛu²sßmâÅâÒëáãûî¨ëùìK
coeng2, coeng2.wav, áh·m
coeng3, coeng3.wav, ñB­ÒïCâÄá×Ş´ÔJ±£¶æºZî¾Îë°Û
coeng4, coeng4.wav, ¦ÏépõûÉg«Ö²»¸zùÙÀğµ¾ÉbÁ¥µç¸Ô©Ï³õªøÀÎéR
coi1, coi1.wav, Ôª
coi2, coi2.wav, àlàsÔòÓ²¸Bºùªö±m±ÄÔê
coi3, coi3.wav, ªöÙ½ÔòÁÉµæíÚ¶ë½²ÔÊ
coi4, coi4.wav, §÷µôÅ×¤~°]
cok3, cok3.wav, ĞèêÌÂWíÀé¨¿ù
cong1, cong1.wav, İVöÁØaËÔ³É·m·É»a½HŞ¯¿µ­Ü³Ğ
cong2, cong2.wav, êªÜÄ÷ÚëóèÊÕ\ÎëÉD¾û´¯Âô·[·m¼t»a
cong3, cong3.wav, Øa³ĞËÔ·[Âô
cong4, cong4.wav, ¼²êóÂÃ§É¼lé¿»Nùt
cou1, cou1.wav, ¾Ş²Ê×ÈÌ¥ùÒçS
cou2, cou2.wav, õZé{İi¯óÊJ
cou3, cou3.wav, ÁW¾şôÖğTödíMëÖáÑÜÕÄ·­íŞ{¾¸Ä¼¾LÍ«Àê±¹¾Ş¿ù³yíÅÜ`é{
cou4, cou4.wav, ¼ÑòñíñÜ·ödî]ÏeÌuº¨á¦¥B¹Ë±ä
cou5, cou5.wav, ³y
cuk1, cuk1.wav, Ñ_ÎãĞtäbÔÈñâèCæÜòÍø§Öuë»åÏäHÀÓÉHĞÔÑ\ÑÍÒPİfŞGà¤å{¼ÆÙÛçTç\çÙçşèÄêkìğõPø¡ÃàÕÖÏMèy³t½ìÄ²§ô«PÁÍ¯bé¨»WÁPÁLÅ÷ÂÙİzÅÆ
cuk3, cuk3.wav, ÍË
cung1, cung1.wav, êz°JÏõókáìîeÒEÑUĞr¼×Êİ¼¥åyæ¦ğ¢Óeæ§åÄçvæp¶Äíâö{ÏÏ¯FÙÙ§w±q¨RÁo¥^½Ä¥Ráx½µ´é
cung2, cung2.wav, Ãd­à¶ï
cung3, cung3.wav, ØØ½ÄÙoà¶öæğå
cung4, cung4.wav, Ü£öæÚzÏúÕUâ¬æ§ğ¨öìâ¦ëïæğçëÖ¡çÀ²F¦äÂOªQÂÎ­«ÕOÔğ±qÔİÃO
cung5, cung5.wav, ­«
cung6, cung6.wav, Îø²FÕUÚz
cyu1, cyu1.wav, ÷]ÃÜê¾ïÆ°£Ão¼pÀx
cyu2, cyu2.wav, ³B¶JªS´Ø»u
cyu3, cyu3.wav, ³B
cyu4, cyu4.wav, ïÆòĞŞQì°Ão÷]°£ßï¼pÃÜÀx
cyu5, cyu5.wav, ÛñÉrÒàÖâÍ¹¶J´ØÖóÒÍªV­R¦îÀÆÀx¬W¸pªS»uåìØğ
cyun1, cyun1.wav, ¬ïìhŞ¸ù£ÑªõÍ³©ä_ÉøËJùO¤t§ø
cyun2, cyun2.wav, ´mÂ«Ék¿å¦¤¦ß´¢³İà¡´øİøÓ¶ë½İe
cyun3, cyun3.wav, ë¯¦ê¤o¦TÂ«õÍ³©ÆyËkêÒäUÒy
cyun4, cyun4.wav, Ò¡¬uÃÛ¯şöã²¬»ÍğÄîÇİÜ¸à¨ŞåSØ|Úâİøàpàyà¡êÒöŞ÷àÎÑÛÆÛh¦s¬Côûù£Î×ÎtŞ¾ìhİòåÇÚúî®¥ş¶Ç
cyun5, cyun5.wav, ¹m§m¨PŞµ
cyut3, cyut3.wav, ğwÙË©FÕjÖ`ä`¼¼¨òòY°ã­_
daa1, daa1.wav, ¥´ËŞ
daa2, daa2.wav, ¥´
daai1, daai1.wav, «İ§bâÊïc
daai2, daai2.wav, ¤ïØV
daai3, daai3.wav, á·»¼íòàoôg±aÀ¹ç`ñ@÷û
daai6, daai6.wav, ÉûÓè×ù¤j
daak1, daak1.wav, ËŞ
daam1, daam1.wav, äîÑbòÀğH×ò×CÏà´ï¯Ô¾á
daam2, daam2.wav, ¯nùdÓPÁx
daam3, daam3.wav, ¾áäîğHÊÌğP¥ÛÍc
daam6, daam6.wav, åE²HÔ¼´áØx°è¿FöÌÛyóJí¯ÕXĞË°ÜÉ¯ßDäÜäüçîé~ì\ñôõH
daan1, daan1.wav, ³æäõív¤¦éãÂ°áEèXğÕÏò
daan2, daan2.wav, É¿¼u³J¥¹
daan3, daan3.wav, ¥¹½Ïàºív°Yò°É¿¯nì¥ÛÕ
daan6, daan6.wav, ¿Gòéàøãôíèé»êL½ÏÏ\¼ÂÜ³¼ªå¸ÛÕ³J¼u¦ıÍL
daap1, daap1.wav, ÜÖ
daap3, daap3.wav, ÜÖë|Ó¯¿ÊÖ{Øb·få¼½DĞUâGµªÖÜ
daap6, daap6.wav, ó¡Å|îşìÅ»¾ÌîÁÏ½ñËÌùÕíNæÏÕğçÛëı
daat3, daat3.wav, æÀ¶^ÍcÏ¯Ëã©ÍÌHÖÔ»Ş
daat6, daat6.wav, ÜÖ½DÍĞöbò¸èıîT¹F
dai1, dai1.wav, ×¾ñzí­ÖôÌw¥Â­O§C
dai2, dai2.wav, ÛÓÍÛËîÌsËû¬»ÛcÜEªó¥Â¬k¶C¯¡©è©³ã£Êt
dai3, dai3.wav, á¥âøÕÔîaÙVáZÀ¡ÚMç`ãßïÇâëèPâÙ«Ò¸¦İè½l¿Í
dai6, dai6.wav, ëÂÓèÖkøg½lÖIÚ»á¥²Ä§Ì®­èPÕÔâã×ùÔ´ËA®X´Ğ¶eÁõ»¼
dak1, dak1.wav, ±o¼wÕü
dak6, dak6.wav, ¯SË@ğÉëf
dam2, dam2.wav, ÉdÓÛéşÍCÊèÓPì´
dam3, dam3.wav, ÓPäÜ
dam4, dam4.wav, ŞÆ
dan1, dan1.wav, ¼[
dan2, dan2.wav, ¼[Ä»
dan3, dan3.wav, éªÊô
dan6, dan6.wav, ¿LØìÊôÍW
dang1, dang1.wav, ğhå]êfôñàSµn¿OÀüÃŞ
dang2, dang2.wav, µ¥İu
dang3, dang3.wav, ¾í¹¹ôñÁE¼jåL
dang6, dang6.wav, ÀüõIÃŞ¾Hİu¼á
dap1, dap1.wav, ĞU
dat1, dat1.wav, ß~
dat6, dat6.wav, ÚLÕ¡õw÷ÉğÉß«ÚjÌ¨¥Y¬ğîìß~¦R
dau1, dau1.wav, ĞòÓò°Âê¡
dau2, dau2.wav, Ùw§İ¤æ°~°BªUÜoªÈ­v
dau3, dau3.wav, ¤æÄu°«
dau6, dau6.wav, ÂpÕÆÅªèÃ¨§³rÄuèeµk×^²èÒMÓò
de1, de1.wav, ¯R
de2, de2.wav, ÷ûÜİ
dei6, dei6.wav, ¦aåP
dek6, dek6.wav, ²ÃíÁ÷@
deng1, deng1.wav, °vËo¨n
deng2, deng2.wav, ³»
deng3, deng3.wav, Õ~
deng6, deng6.wav, Õ~©w¦a­q
deoi1, deoi1.wav, ŞÔï©è½´°°ï°l
deoi3, deoi3.wav, Ïö¹ï¸Pã§öX§I´°
deoi6, deoi6.wav, è½§IïÈ¶¤évëŞíU´°ğ³òdò÷ôèÜu
deon1, deon1.wav, ôèãÕ÷£éªéÓåS¾·½Î´°Ê¤í«ÃÛ±¬¼[
deon6, deon6.wav, ¹P¾·¶w´°¨P¬Úõ©ÍW§y¿LèQÉì¹yæTÊÎÉ¶Êô
deot1, deot1.wav, Ğ\ÏO©F
deu6, deu6.wav, ±¼½Õ
dik1, dik1.wav, ¹¿Éë¹ŞåÊĞ©ğøêiÃéÊúÜ«Û}äàËj©³¤İáaî×àæªº¾Aºw
dik6, dik6.wav, ­}÷Sìºî×ºwçşÒ[²ı»C¨fº°òÊÚM³|Ğtô¨¼ÄÕÒìÉäà¹¿ù_Ãéç{
dim1, dim1.wav, ÎçÕi
dim2, dim2.wav, Û÷¬¿«çç÷ã¿ÂI
dim3, dim3.wav, ±}¹Ôí¬©±ÒÄÎÒÍÙËõ¬¿ğeç÷
dim6, dim6.wav, ÎçÎÒÕi
din1, din1.wav, æ¶¨lùhîºØYÅöØeÄAÅq·¿
din2, din2.wav, ¨å¸KŞÑëGÔèëüÕw¹Ô
din3, din3.wav, ¹ÔâĞ
din6, din6.wav, ğJ¹f°áÔŞ¹Ô¦úÕà³ş¹q¾ıéN·µ¨lÀQ
ding1, ding1.wav, ØMÍÇ­ªËm¥ÅÉxÍªËoÊE¤±¥m¨n¤B°v
ding2, ding2.wav, á±¥´Íª¿õïEîCéî³»ÊK­ª¹©
ding3, ding3.wav, Şä¸¦­q¿õïEÔHÙÌ©wïÇç`âô
ding6, ding6.wav, ¿õÛ_Ôr©w
dip3, dip3.wav, ÛEÖÓ
dip6, dip6.wav, ëÀçÅõkÎäçGã×İÑÛ÷Ù`ÙDØ¢Ôx·Ş³ãÁ·¿Ò½ººĞÅ|¹Ô
dit3, dit3.wav, îp¶^Û÷
dit6, dit6.wav, ­¡ĞyÖùÖéÒÒÒ¼×ºÛTÛİÎ{îpáZÎòá¥Ğ]ÜxÏ£¯´¶cÌoµ»§HµÀÍıÎSÏP
diu1, diu1.wav, ¥áÀJóç­ä¥p¸M¤N±n¶IÙÔàìåôê¡ÍÉëëÚ¤×¢´°ä·ÄK
diu2, diu2.wav, ÎxÉë³¾
diu3, diu3.wav, ¦Q³¨ÏßàKê´äà¤İÉ¹ğ¯
diu6, diu6.wav, ä¢çs²À±¼½Õ
do1, do1.wav, Ó©¦hàoÎG
do2, do2.wav, àc½xÎGİòóÅ÷Ô¦·¸úÎW¸ö¨ïóşØ¦
do3, do3.wav, Ø¦ív¨ïào
do6, do6.wav, ÎWóÅ¶¦¹¤´k¼ZĞÃĞÆåOåm
doe2, doe2.wav, ¦·
doek3, doek3.wav, ø§ÛqìïĞìöúéBçØåÁÙ¸Ô~¨ï²gµZ°Ö
doi6, doi6.wav, ÛßÏcÁõ¬ÅİsÖíÔ´Ïö©§­¤ÂL¬pç¦øÎ«å¶eèÎ³U«İ¥N
dok6, dok6.wav, «×¿âÅMØhÔiòì
dong1, dong1.wav, òÄ¾´·íÅLÃËòßê@»ıíhòª
dong2, dong2.wav, ÄÒŞÂ÷Üø¬ÀÉÆmĞŞ¾×
dong3, dong3.wav, ömÀÉğ]»ı¾×÷Ü·í
dong6, dong6.wav, Ñ¯ğaífæMâîà~ŞÂŞ´ÙEÛ¥Ø»ÌXëÃÀú¿ºØßİN
dou1, dou1.wav, Í±ìGÉ{àê»vÉ÷¹Ê¥o¤M³£ëÜàì
dou2, dou2.wav, °ôÕEìËìê¸@·oÃ«½ä®q­ËÕrÛq
dou3, dou3.wav, ­ËÍ¤ãU¹DÖÄìî¨ìÕrÅû§ªÛq
dou6, dou6.wav, ÚÙ¹D«×¾ÉÂv´ç½_µsÁĞ§ù±¥ÁáíCËzÖÄìÛô±öòùAã{
duk1, duk1.wav, ¬r¬ğìE·ş¿wãşĞì
duk6, duk6.wav, ôrùÈùAøÑ÷r÷\ìºòZÆuÅêÂpÃpÅª¿W¬r¹yøÒÃ|Ã}Şì
dung1, dung1.wav, óğãÙÕèÛªÏµÏ`Ã]Ïl©N¥VªFÔÀĞ¤
dung2, dung2.wav, âØåQãÙêú¿æ¸³À´é\
dung3, dung3.wav, ­á´ÉÔøÕèãÙµF
dung6, dung6.wav, îùÎo´ÉÏÃË¾ÓëÛÂÖ»Ñ¯ÎÜÎTµF¯ÛºEàJÚğìiñ¸°Ê«ğ«Ğ¬}
dyun1, dyun1.wav, ØÍºİ­B
dyun2, dyun2.wav, µu
dyun3, dyun3.wav, Â_Áëß|âñ¿å
dyun6, dyun6.wav, Â_ßàø¸éäİà½v¬q÷b
dyut6, dyut6.wav, ¹ÜÕ§ñÈ
faa1, faa1.wav, ¼MªáµØğ¶¤Æëû
faa3, faa3.wav, ¤ÆÌçèâ
faa4, faa4.wav, Êx
faai3, faai3.wav, éDÕ×å^ÔnãÇäÓò¶æÇ³È¸_¶ô§Ö³çín
faak3, faak3.wav, ó¾î¥
faan1, faan1.wav, å`ø]¿»ªğ¤ÏõåóZïÙËaÂº¼nµfÂ½©é
faan2, faan2.wav, ¨ÁéÜ¤Ïªğ
faan3, faan3.wav, ¦ÆéUªx³c¥Æ®Y¤ÏÏÛÉÒ
faan4, faan4.wav, ÂÏÏ_Âº¥ÆòhõüáDËGÍ¨¼\ôcó«óS¦ÆíøêîêdêOÖÚÓéğy³«¼ÔÄs¿»Ã¿¦|·ĞÁc¤Z×µöEôö±ëøs
faan5, faan5.wav, ³c¶ºÜJ
faan6, faan6.wav, ÜJâ³ÖË±ëÃ¤­S¥ÇàÏ½d¶º¦|èdöEÄs¼Ô
faat3, faat3.wav, µoªk¾v¯|µW
fai1, fai1.wav, ØkùL¸FÀ¸·éŞk÷IãA÷³ñoçÇİğæøåOàÒİÌÙZ·u¾£¼Z´§½÷À²
fai2, fai2.wav, ÒÈ·ó
fai3, fai3.wav, Ğë¶O¼oªÍªm©ÌÍaÎíï÷ĞWÒâé¶ôğòMÒÈĞÕªèíu
fai6, fai6.wav, ĞWãòÒÈÛxĞë±QÍa§pªÎÕó·óï³ãó
fan1, fan1.wav, ÙÈÀ¥çeÜäµCâèò{ÌĞÜwìCÓdÓØİ¼ÙàÂtìNÍjÏïÕ_Õ÷ÖOÙÕæèÜ¨ŞßãJíeõVô®ğ¡ïÛâÀ±B¯É¤À©üªâª^§h³ÔÂÈ¸§ÅH×ô¾±´Ù
fan2, fan2.wav, ©Áì¶¯»
fan3, fan3.wav, ©éöc¾Ä°VÁTô\µIàóâÀ
fan4, fan4.wav, åıÕÏêıï´ğxñãóFóVøtèßéÃ¹{ÍZèìãËÓÇÓbÌŞÊ·öc¶NÙÈån¼X¨WµI
fan5, fan5.wav, ÊÒ§ê¦É¼X©Á¶NèßêëéŞàóÊ®¼QéÃ¼«¾Ä
fan6, fan6.wav, Ïı¤À¥÷Ê®©Á
fang4, fang4.wav, Ùn
fat1, fat1.wav, ÌmÊlªè²Ù²Ñ©»ÌÇÌÑÍ¾ĞpÓCÔ³èØ§z±«¥±¬t¸]©ØÒêÉ]Í}¦ò©¿ÉoÖÏÖRÏGÏYÖûÔ}ÊkÉÁÍMÍaï°ßZÕõ×X×·ÙÛĞ\ÒùäÊ
fat3, fat3.wav, Ì÷µo¾v¯|µWªk
fat6, fat6.wav, ÒÊğ²âåÓ«¥FÌfËóËà©Ìµ­»Ö¥ï»@¦ò
fau1, fau1.wav, ÓR
fau2, fau2.wav, ÕhÙá¤£ÓRèê­åµl§_¦ÎÒo
fau4, fau4.wav, ÏRÕ¾ÓÏÜÈÌTèêÛ@ÖyÖNÓRĞM¸Ï²eªæßì¯Bß¦
fau6, fau6.wav, Û½æï´_°ğªúÎ¥çôÂĞ¨B
fe1, fe1.wav, °Ø
fei1, fei1.wav, ó¹¦m°Øµáãn­¸ïK´v«Dé¶ÀPÔÚãıãòïWñ´óÖ
fei2, fei2.wav, ´´½Ú»BÕ^âI±Q·óÎùØIÙÆãòê½ÔÍ­êãó«DÒÈêëµá
fei4, fei4.wav, Ûxğ¼·óãóÕóªÎµÌÔÚ
fei6, fei6.wav, ĞïĞëÍa»B
fo1, fo1.wav, ¸^´ÊÉCîHÃN¸\½Á¬ìŞ¨
fo2, fo2.wav, ¹Ù´ÊÁûÊ{¥ë¤õÙuÜd
fo3, fo3.wav, ½Ò³fİüñ²ÔÆ¸\ÁûëéÜÑÙuË]
fo6, fo6.wav, ³f
fok3, fok3.wav, ùnùªù«÷éõàåvôR÷Ø÷Ûô¹òEò_øÏô³¿£ÅÌÀNôw
fong1, fong1.wav, ËKË¨ÉÚÉC¨wªDÁÀ§{ªÚªÕĞª¯î·WÜb¤èÖB
fong2, fong2.wav, ­ÀäÛ·E«éÁÀæ¹Ï×¯éŞSâaâ½ÌÄÌ¤®Ì¯¼¥é§Ï³X·W©ñ¨~öÄêIÏ°ñg
fong3, fong3.wav, ªpÛèÜA¥S©ñ
fong4, fong4.wav, ©Ğ¨¾§«§{èÛ
fu1, fu1.wav, åğà×åpäiÎÍâ£ÊOá¡¶yêÊÚØÓ¡Õ¾Ûú¾¢³lèåêğéÆĞbğâÑñòuËÒÌTÏêÏSËù³ÅÌı´cÏR¬\¥G©I¤Ò×|×g×`Ú±À¸½§«R¼ÅÓúÓÑ¥í§·ßfËª¾uÛ@ÑNÛòÎØ¹åÑiÖğ
fu2, fu2.wav, ÌrğdÍé¾fÏSÜDË\ŞXßğåFóõÓô³\âq³@İÄÓÅÙá¤÷­W©²ªê¼¾­Á©ò²ã°äµÆµ[Ì¹¨j·±°y
fu3, fu3.wav, çÄÏ{Óç©JÓÑÌ²âàÓºîÙÂĞ¿Ç¯ã®w°Æ´I½á
fu4, fu4.wav, §ßâFÓºĞ{ĞbÌÕªÜàíÏÕ²Å¥G¤Ò×|
fu5, fu5.wav, ßÊ°ü
fu6, fu6.wav, ¥I©J»²³Å»Gªş­t¤÷éUÓÅÖğ¤²ì{ç¹×§Ô^ÒæÁÌ¾t­r­u
fui1, fui1.wav, Îåó©İîó÷ïáÓßÏ¤Ñ§­k¸Ù«¶»í«ì¦Ç
fui2, fui2.wav, êT¸ì¬¨ÂCÖ~
fui3, fui3.wav, ®¬Ú¶÷s³ñ»£±âïQ
fuk1, fuk1.wav, õnß¶ç¸ëÍÃL´p½»îÙ¿ç¸¡´TÂĞ½Æ´_Î`õzºÖë¾ë­
fuk6, fuk6.wav, ã[ëPªA´_ÙÒ¥ñµöÓ¬µèÌWô¯óèì§Î`Ï{×{æQ°ËÎY±ØõnÃLëÍğÖ
fun1, fun1.wav, ö[èîùÂùNõÌõÆòÁËaõİ¼eÅwÆbàX
fun2, fun2.wav, ´Ú±û¿dí·ñq
fung1, fung1.wav, Ê²·¬¾WùËù°÷GöZõÓß±Ş©ÚIØï¸Á®pÔgÊ°¤¥²lºÆÕÑ­·«ÊÂ×íJÚv
fung2, fung2.wav, ±·Ôw­Ä×Åªx
fung3, fung3.wav, ªxß±Úc­·¿Ø×Åë´
fung4, fung4.wav, ß§Ê°ÑËÁ_³{½´ÚIÛYØ°áê¶¾
fung6, fung6.wav, ÏÙ»ñ©^­ÄÔwÁ_ÑË
fut3, fut3.wav, µòÁï
gaa1, gaa1.wav, ×@õ³âİĞÁÏjì¬Ş¦İÙÛöÖÒÏÉÍJÊGÉÔ¿Ş¸µ¹Å­X¯mÚrë±®a¥[³ÃÏE­{¹Ç¾¿¦÷³PñS
gaa2, gaa2.wav, ®LİÙ¹ÇØõØÊìøâİâHáLÙz¸ë°²
gaa3, gaa3.wav, ©@É²¤¶é¥¶ùÜaİXâİ¸ë»ù°²¬[¾r½[¥[
gaa4, gaa4.wav, ¹Ç
gaai1, gaai1.wav, ¬Ò·¢Ö|ØnäÄÖÅÙôõ~ç¨îN¶¥îÒµó¨Î°º
gaai2, gaai2.wav, ìû¸Ñ
gaai3, gaai3.wav, Ñ£ÏğÊÉÊ¥§Ùõ~çIªãîNäÚâÇÓÈÍkÊ¶É²¬Îér»|¾Ó§¼©¡¤¶¬É¸ÑÉo
gaak3, gaak3.wav, ÛÊÂğËv°¬»JÎİÓ¨ÙCÜíŞNà@¹jËËïpÀfó¢¯ŞÜĞï¡­²®æ
gaam1, gaam1.wav, ºÊÀª½pİìò~
gaam2, gaam2.wav, Şx´î
gaam3, gaam3.wav, ºÊÅ³Å²¾ñ²h
gaan1, gaan1.wav, ¦lëFßÑµÕ«Á¶¢Á}¶¡
gaan2, gaan2.wav, ÒbùIíw¼îğÙÓµ¸cØ¬×Ö¬Z´zÆPÂ²ÑÉİÁÃµ
gaan3, gaan3.wav, ¶¡í}¼î¿Ï¶¢
gaang1, gaang1.wav, ¸e§ó¯Ñ
gaang3, gaang3.wav, ÒNÑÄ³w
gaap3, gaap3.wav, ñÒ×F®µßæµğÂF­²è´¯Hè³èháîàqÑ@ßøÛË×UÏÒÕ³Ó÷¬j¶ß­KßIÌa²ó¹[ÀU§¨¥Ò
gaat3, gaat3.wav, Ñ|ĞÁ±®ªî
gaau1, gaau1.wav, µëñGïwÂB¸ø«r¹Ì¸åÊM±Ğ¥æ½¦Ót­¥
gaau2, gaau2.wav, ÓBÙxµ±Ñ¿÷åğQ·dÚŞ«»»Ç²®Ë³»å¬¾ÅÍ
gaau3, gaau3.wav, Ñ®»ÇÎÕáõ±ĞÄ±¸û®Õ»Ãµ¢Ò«ÒúŞ]
gai1, gai1.wav, ä®Ó@ÌÓÂû
gai2, gai2.wav, ÔU
gai3, gai3.wav, âÛÖd­pÄ~ÀgÍP÷õÁªÓXÚäíäô`õùæ¾
gai6, gai6.wav, ´¦ÔU
gam1, gam1.wav, ¤µª÷¸T¥Ì¬aÛ~¯iÌôÓ×ÓWÕdÃÌ
gam2, gam2.wav, ¾ñæAËİäüÀA´±·P
gam3, gam3.wav, ù¢ÛãäéÓWĞåÖæÆB¾¶²hËİ¸Tçò
gam6, gam6.wav, ÜtÊõÓH¾¶¼Ã
gan1, gan1.wav, µ¬Ül­oÍş¤y¤ç¸ò®Ú
gan2, gan2.wav, á¶½@Ô»ÛjáXÔîåÓåòên¶ÈÂÔÄDÂÑçcºòÎ¯
gan3, gan3.wav, àÚÂÑî`¤çÓ£Î¬É»¦áÊ£çc
gan6, gan6.wav, ªñ¶Èåòá¶áX½@ÂÑÄD
gang1, gang1.wav, §ó«í©°Ã¼½é¸e¯ÑÒNæåóÚÛ©ÙX
gang2, gang2.wav, ¯Õæå«í±ğ®CØ}®G¥åñÇÓóùÚïdßX
gang3, gang3.wav, «íØ}æåÙX§ó
gap1, gap1.wav, «æÊßÍ¿¥ù×ÇÊÕ
gap3, gap3.wav, ËÌáîÑÎ§¨Î«­¨»×µğÂF¦X¾g»\ïu
gap6, gap6.wav, §Ä¤Î
gat1, gat1.wav, ¹ÇÏ¿¾ïĞ¨ª¸Îc¸×Ë¸¦NËv°Wïyä¯«úÉh¦YÍü®Ü¬ø
gat6, gat6.wav, ª¸ÉÉà_Óæ
gau1, gau1.wav, §F×¼ó¤æíåÖùÄáåÊBÌûÉVÛ®¬eò©¥y·¾¹_Éò¤ÄÀt¹§êº
gau2, gau2.wav, ¨h¤[¬eÊMÌc­´­vª¯ªÈÍÅ­eĞQÖÖ×­¤E
gau3, gau3.wav, ØUåª¨s°÷ºc±ÏÁÊª¹îz¶ü©S«¯¨bÑµĞàÎl»¸¹oİb¸á½\·p´\
gau6, gau6.wav, ¬^óÌÂÂ
ge1, ge1.wav, ¯m
gei1, gei1.wav, Ùsçßó]íÎçû¼TÉ¾©_¦ÙÃÕ°§ÄÈ¿YÁFºßÉF§sĞéÔ§Şøë÷í°ôøöp÷DùÖ°ò¤LçıÛm®V©~·î½BÅùµQçÑ¨ä¾÷´XÉó´Á¥ä
gei2, gei2.wav, ¹¨§ûÉóí³ÊU¤LğÊ¬ö´X¤vµQÊÍÍÊĞéÑwÕqÉÌçı
gei3, gei3.wav, ¬öÆk¾¬ãEß½ÕN¬­Á»±H¬J°O­pòAØüÉ^í³
gei6, gei6.wav, §Ş¨äõpß½ÛSí°º[Ø§Ó©àYÊUçßÃMñÔäİä[äLØüÊÛ¬­ªç§ÒÉ«§²
geng1, geng1.wav, Åå
geng2, geng2.wav, ÀV
geng3, geng3.wav, Ãè
geoi1, geoi1.wav, óáãŞÕúì¢ãúÚ¡Ù¹ÔùÑµÛLÕu­Ñ©~¨®
geoi2, geoi2.wav, ëÄã¯ßÌßLÖú÷ìç·Ù¼îkÔY¬eÜ[ÒıÄßÁ|Â£¯xÏ@²÷ÆTõÑ
geoi3, geoi3.wav, ¿÷½õ¥y­ĞÂ£ô×À«éK¾ÚÕuèvÖŞÁØéòÌûö_
geoi6, geoi6.wav, Â£ÚlÌ]ÁüÒîÖŞ×~ÛÖá~ãÔÌNèÈéòê²¬²ôäÍHö_éyğòÔÅÖş¨ã¶Z¥¨Äß­UÁØ¹d
gep6, gep6.wav, §¨
gik1, gik1.wav, ¿Eøç­eôßğÓé©­²éOÀ»´Æå°ÉPİû´u«Eë@éÇÎAé¡ê_
gik6, gik6.wav, Ìå·¥
gim1, gim1.wav, ö´ö«ã¶İ¸¿¡­İ
gim2, gim2.wav, ¾ßÀËÂ¥
gim3, gim3.wav, ¼C
gim6, gim6.wav, öj»ü
gin1, gin1.wav, ×ÏïTÕZ÷®óêÉÛñyÜ©ÜeÛ¢ælï«ÖhŞ¥ªÓ¸xìD°íèæ
gin2, gin2.wav, ºSÃµğ¥Óµî¿×ÖîªéÒõrÚQÒb
gin3, gin3.wav, ··¸x«Ø¨£ìD
gin6, gin6.wav, ¥ó°·ùVÁäİÔÙa¸xØÒ
ging1, ging1.wav, ¬á®ùÊÊÔá¯ğÕañÓ²ô¹¸óÙ¨ÊøèÅå¸gÉ°
ging2, ging2.wav, Íğäê³ºÄµímÖLæZ´º¼©¿[¹Òéºòäìáåq
ging3, ging3.wav, ²ô×H®|·q³wÍßÑyÕÈâË«lÄvß¼
ging6, ging6.wav, ÄvĞÈµj¬áÕÚ«l
gip2, gip2.wav, æ×
gip3, gip3.wav, ñÖÌ¶àÅ§TÀßéìÚÆÌÍÛË
gip6, gip6.wav, §¨ÔE¯U
git3, git3.wav, Ñ|Ù[µ²½~¼äÂ^«ú¾e®ÜÓÖÊöÊÆÏ¿æÀÓğÒ^°PË¸±®¤mîæïyïjÛÃÚôÏ¡
git6, git6.wav, ŞfïjİPÏ¿ÎcË¸³Ç®åªNÔUâQ
giu1, giu1.wav, ¹®éué¡îdğkí¶å©äï¼å¼bÅºøj
giu2, giu2.wav, åiÃâé¡ìòø`óTğÆó@ÁBäï¹®å¹éuÃºğQé°
giu3, giu3.wav, ¥sáPáSéCéuôÓéVê_
giu6, giu6.wav, Â¼å¹Ãâ¼Àåi
go1, go1.wav, ­ôÏ·ŞOÙıÉhºqĞøÛ]ÊDÉî
go2, go2.wav, ×SÖÍĞøì}
go3, go3.wav, ºç­ÓÊ¥
goe3, goe3.wav, ¿÷
goek3, goek3.wav, ×ÎóT¸}ïÂ
goeng1, goeng1.wav, ğX¾Ê¼yÃ¦»ø«¸Å·Á¤ªÊãÖíLíEã~
goeng6, goeng6.wav, ÕLÔv±j¾ÊíÏ
goi1, goi1.wav, ¸Ó»ÒàUÎy³ÏÓjàÓà[ÚìÚÒÓuĞÂË´«²¸ğ
goi2, goi2.wav, §ïÓjè¸
goi3, goi3.wav, Éè·§¤¢µ@ğGÙb»\
gok3, gok3.wav, ¸}áõĞ¨¸ûÛÊØRïpÑÂ°qª²«£Ëv¦U¨¤¯ŞÄ±»ÕÀÁÖ¸»ÌÕÁºeİ|»×
gon1, gon1.wav, §ı°®¨Â¤z¨xË\¬ñÍzÓş±ìäâËhâyĞ¦
gon2, gon2.wav, ò¨ÖÍÉä»°±ìµzÍuÍxÓãßQ
gon3, gon3.wav, ÊøÍx¤z·Fºm±ìò¨àèÍz
gong1, gong1.wav, Üï¦¿èÚ¿û±^ºõ©£¬û¦ªÍ³Şïİ¢¤®ÚkÔ¶ÓŞÓsÓ\¨z­èĞiÍ{ÍtÍ¬Ío³ª§şÍÌÙ»Ël
gong2, gong2.wav, ó§êæØUÁ¿´ä
gong3, gong3.wav, ÛÉ­°¿ûºb§şµ¼ÏzÙ»
gong6, gong6.wav, îg
got3, got3.wav, ¾¿³Î¸¯é_ôİëËê\óÀ
gou1, gou1.wav, ©SöÎòS¸A¯oâRâé¯Ì¿tó¦»I¿|Ş\°ªö¾
gou2, gou2.wav, ïâÂîµqº`ªX¿¥á÷ÖÍßR½Z
gou3, gou3.wav, »¢èpÓü»I§i
gu1, gu1.wav, ¯ËàÌéÆÜ^Í@ÛÔÓ`ÏTµİì~åUÀl³GÛ£©K¹Wªf¶d©B©t©hÜI®aãV
gu2, gu2.wav, ÅÛÂ¢ÓaáL¬ºµş×ªíê¯ËÍ`ÉZğSªfíú¥jªGªÑ¹ª¦ô¸ë¥Y¹W
gu3, gu3.wav, ¬G©TÅU¦ô¹µ¶±ĞãŞÌÕDÔÇŞúµşÀDÙÏÜ^ªf
gui6, gui6.wav, ğM
guk1, guk1.wav, è©õöóåï^ËÖôAÑ·à{§i¨¦½\µâÁùÃ[âB±ÅØJÄTÕÀÁÔÑFÖ_×ßÙ¾èBèsíXïğÕ¶ñ|ÖDÚÕãÏçXùµçğ
guk6, guk6.wav, §½«]»±èvÑ·Õ¶à{ÖK
gun1, gun1.wav, «a©xÆ[´ÃÕá­¾²ğ
gun2, gun2.wav, ²ğºWÀ]íkÕVµ_ØùÌÒ×EŞÇßFëİºŞ¿d
gun3, gun3.wav, ¿dÉ`ÕVÕáŞóöíöğ÷ëÆ|ùuÆ[Åø«aÄé³eùÊÕşñq´Ã
gung1, gung1.wav, ËlÜãË|äá¬õÅÇ°`°G®¥¤}®c§ğ¥\İpªÆ³ªØcİZ¤u¤½¦@¨Ñ
gung2, gung2.wav, ¦@àvÛ»Ò¬ÑâÑ±¤{«ı¾d
gung3, gung3.wav, ÆB°^ÜÏİp¨ÑÚCĞP
gung6, gung6.wav, ¦@
gyun1, gyun1.wav, ßùÖTÑ¦ï`¯X÷øìT¨­®½ÃY®S®ş
gyun2, gyun2.wav, ¨÷±²ÛdËQÚş¬ÊÎ¼Î²
gyun3, gyun3.wav, Úhê]Úóìr¨éÎ¼é|ÕWŞÚàA÷X¨÷¸h²²¯XÎ²Ñ¦ÔÏÚ¿ÚşÜRèµ
gyun6, gyun6.wav, Ô¯­Â°éÛbçjëß
gyut3, gyut3.wav, ¹»
gyut6, gyut6.wav, éÈÛï
gwaa1, gwaa1.wav, Ğg¥ÊÑë©Kó¼½½ß¢´Eæê
gwaa2, gwaa2.wav, ¹è©KÔl
gwaa3, gwaa3.wav, Úî±¾»o¨ö¬EÖñàG
gwaai1, gwaai1.wav, ¨Ä
gwaai2, gwaai2.wav, ©ä¬bÏ^ßhãÇ
gwaai3, gwaai3.wav, É[©ÇÏ¿
gwaak3, gwaak3.wav, ºQ
gwaan1, gwaan1.wav, ²ğøÚæ²Å`¬áºúÃö
gwaan3, gwaan3.wav, áè³e¦êé¦ÉcºD
gwaang2, gwaang2.wav, ±ğ
gwaang6, gwaang6.wav, àF³}Íê
gwaat3, gwaat3.wav, ¬A¨í¾hÑ³áAàa
gwai1, gwai1.wav, ¦cÂDÏq¬Ô¯^ºÀÀtÂk»Óğ±ÓxÖº³ÈËÑĞ¸ØµÙìİ_õ`
gwai2, gwai2.wav, ¸ŞÙùÏªÖ¿ßşÛ¹°­­yáF´¾ÉsÉ£ÉğÜûÊÍËÁÎVÎiÑwÔoíÂ
gwai3, gwai3.wav, ÍRõ`í~åÅ©u¶Q®ÛºÀäó±ªÃİ¬ÑÅíŞ`ŞÓåkó×õX×ÓÌË
gwai6, gwai6.wav, ±ªÏ@ÂkÂdõFôôëDéÌå·ÃJÂ±¹¼õX¸÷
gwan1, gwan1.wav, µbè£ÓÕÕ­ìY×dâáçÃì±ÀtñË¸aõyóËÀCîáÓÍ­xÕÉ§¡§g©ø¶v±XµO
gwan2, gwan2.wav, ²V³OÕcæãºu´ıÃX¾@Õ¥ãlãõçR
gwan3, gwan3.wav, ´ÒŞàÑ¸
gwan6, gwan6.wav, °pÖsñÜ
gwang1, gwang1.wav, ÚHétîêëÎßıÙnÁ©Ğ±ªĞÅF
gwat1, gwat1.wav, Éèğqö¼êÓå|ÃÔãÃâLİkÕìËS¾ï·Æ°©ËFİLÔ}
gwat6, gwat6.wav, Òùóâè¥Ô³±U­Ï©}¸]±¸å±
gwik1, gwik1.wav, Ş§õ¸ñÕ÷ÊÚ@»ØÓı¬®ËÄÏ¾ÑüÕçõ¤ğºïUîñçÏç~ã¢ßbÜV
gwing1, gwing1.wav, Ë÷ÎÓèÌ
gwing2, gwing2.wav, ÒkÊ¨ÌùÍRÎÓÖçÛÛ¯ÕíÔŞ£ÒfæbëuêXíïÛR¬³­~Êj
gwo1, gwo1.wav, æêò¬îH¤à´õ¹LöeâŞÎJ³ú¾â
gwo2, gwo2.wav, ²tÕ]ªG»qöeÕşÛÎã_ãâèKëé
gwo3, gwo3.wav, öe¹L
gwok3, gwok3.wav, ôwÅÌ÷éâ¶÷Øåv¹öáÕÔôáOábârçAíÄózã¢ºQ°êÂX³¢¹øÁ´¼ÍïUùÁù«ùªÉI
gwong1, gwong1.wav, ¯Ö¾î¥ú¬©ä´ÑéÎ[Ò|Ó¤ï¾Ò®ÍY
gwong2, gwong2.wav, ¼sÂx»¥
gwong3, gwong3.wav, íïÑéÍÍÄqÛR»¥å²ôt
gwong6, gwong6.wav, àF
haa1, haa1.wav, ·Úàá§ràÎä¦ÊÂ«¢½¼
haa2, haa2.wav, ÜÓÊP°Ú
haa4, haa4.wav, âõ°ÚóºîEëºâİ¹Iµğ½¼ØõîÕ·v·åÁø
haa5, haa5.wav, ¤U«¢
haa6, haa6.wav, ·vËy·Ú·H®L¤U
haai1, haai1.wav, ÑõËè¶Ù«¢«y´{
haai4, haai4.wav, ŞºâP«Ä¾cİq¿Ó°ºù¡ÀeàU
haai5, haai5.wav, ÓjîNßüÚì¸ÑÃÉÁÛò¶ïZìûê^é÷écÀb¾Ó
haai6, haai6.wav, ìWÀbäÚÚìÏø­{¾Ó¸Ñ±ñÜÍÁÛíüßüèûÊ¥éròcóü
haak1, haak1.wav, ¶Â»®À~³Ø§J«gŞw¨è
haak3, haak3.wav, À~³ØçÚ°ä«È
haam1, haam1.wav, ´O
haam2, haam2.wav, õEóDÀ`÷¦
haam3, haam3.wav, óD³Û÷¦õE
haam4, haam4.wav, Ø¬ì¡æòÍ­ÜËõ±«w¨çÄĞ»Î²[°åë£
haam5, haam5.wav, î±öWô«ìÌÛrÂeÀİ
haam6, haam6.wav, À`ëì³´
haan1, haan1.wav, ïIÔîáÇÙR
haan4, haan4.wav, øp¶¢¶~ùÜ¼_å§íwæGøq¶¡Û¸
haan5, haan5.wav, ¹·å§å¶
haan6, haan6.wav, å¶Ö¶àèå§­­
haang1, haang1.wav, §|Éq¨Âëò
haang4, haang4.wav, ¦æ®ì
haap3, haap3.wav, ÀUìx©EÕt¶ß
haap6, haap6.wav, ÖÁ®µËÏìx¬¢ÔE¯U«L§Xª­æ×¬jÚÆ²°ÖÜÒ»®l
haau1, haau1.wav, í´ÊA»ÃÚÛÒQéJäZğZõdìÃâiè·«ş¯N§q÷¤ìjåKÜÊÚ°ÖbÓ·ÒnÉuñº¹Ì¹Rí¦­ıºVÑu
haau2, haau2.wav, âºíöÚÕÑÜÊ÷«ş¯N¥©¦ÒÏ¢
haau3, haau3.wav, ¸åÒQ§µÜÊ»Ã
haau4, haau4.wav, ×ñÓBÏmµ±«»
haau6, haau6.wav, ®Õ®Ä³ËÎÁÙâ¸å
hai1, hai1.wav, ÌY
hai4, hai4.wav, õ\âPø{î¶îµİcØ]Ğ¾®O´RÁÑ¤¼ëe
hai5, hai5.wav, î£İcÑZ
hai6, hai6.wav, ¨tí@âùÏæÃ´Ø]İq«Y
hak1, hak1.wav, æHÑ£Íò«g»®§J¥iÕß½yòº¨è¶Â
ham1, ham1.wav, å¯ì¡³ô°Ééw÷Î·`³F©XØÜäP§¢
ham2, ham2.wav, Ô¹¬å§¢Êî×tÙÜñ©ôÜ´OÉB½Wô¥
ham3, ham3.wav, İú§¢Ô¹Ø¬òùô¥°ÉÀıê©®rÉB´OĞıøùÖráeõE
ham4, ham4.wav, ĞıãàÖU»Î°åØñÓHÕÂäPÜË¶oÍÕè¢§t
ham5, ham5.wav, ÀXãçÍ­ïF
ham6, ham6.wav, õEĞıøùÀıÊî³´ïH´O¾Ù¾ÑÖr
han2, han2.wav, ÍşÀµ¬½«ÜàV¾ÁÅiË¼°Ù
han4, han4.wav, è²²ªÎÚ
han6, han6.wav, «ëÎÚ
hang1, hang1.wav, Ô¦ŞòÑÆ­óÃôè¡¦ëÖ^×PÚÈäKîèèæ§\
hang2, hang2.wav, °ÙªÖëúÅi
hang3, hang3.wav, °Ù
hang4, hang4.wav, ¿ÅôÁÓnÒ²Îd¦æÏ­®ìÒx«íİó²ôùÚ
hang5, hang5.wav, ±¢Õå
hang6, hang6.wav, ©¯¦æè{×cÕåÔÒ±¢§öÓ®­Æ
hap1, hap1.wav, µ¿½OæR·ÂÕİÑøİ¤ËØ¾ùíTâEõG¬¢Î±«êÛËİÚ
hap6, hap6.wav, ¶ß¦X÷o»\²°«Lä¦Ñø¬¢½W½OÂó¾g¯râE®l·ÂÒzİ¤­¨âÂÒ»âGê»»×İ]äöÎk
hat1, hat1.wav, ×úÑö¨´¤^Ã\³ğÍ®ÉáæÀ«´¦YÍüÍ¼ÎÎÊDÉıİÚÉh
hat6, hat6.wav, äDë[ö²İçæÀĞD¿­ÀÊÃ\¨ğ»Ò¬øÁÒ½M®Öİ¡òòê_ñêêÚğZäåîOã»ß£
hau1, hau1.wav, óøÊ¡
hau2, hau2.wav, §q¤fÊ¡êÉ
hau3, hau3.wav, Ëæ§q
hau4, hau4.wav, «JâßµUßß³ï½jï¨«¯ä¥æõîÛïSõo
hau5, hau5.wav, Ğ¿Î^«p
hau6, hau6.wav, «áÜZÓ­Ğ¿ÆMÏ¬Î^³ûÌª°m¦Z­Ô
hei1, hei1.wav, ¿ª³`²mÁH¿Q«Ë¼^¶Ùº³¼K¼H´ÛÄëµ}§Æ«yÑ]Ñ©çÕèùÖwí§ÕĞåßí^ÂçóŞôkôEñÁñQ×iäQâNİG®DÄfÕØ±ã¹¯ÃÖÍæĞÎñØÒWÒ§ÔÓÚÀÓûàõ
hei2, hei2.wav, §ûé±Ò§äQéàÁHÂçÊ¦ø¦ğ½°_Ë}³ßÉ×°Z¼^
hei3, hei3.wav, Ì§Ø§Şg÷ÌìµÌyâ¿ñ[ÙbÍy¨T±óÉè´¦¾ÍÉaôE·Z¤^À¸ËåÍıÖõ¾¹æ¬®ğ´tñ­ø¨
hek3, hek3.wav, ¦Y³ğâj
heng1, heng1.wav, »´
heoi1, heoi1.wav, ¹Ã¼VµêÊù÷¨¼N¦S÷¡¦féßÍwËæ°XÑÕÓ¡ÌJ
heoi2, heoi2.wav, âq®İÖ¼Öå·ÖèYØrĞß¥hÏd³\ÎóÌJàH«¦Ò·¥ğ
heoi3, heoi3.wav, ·Öì²ñá¥hËÜÎó³¤
heoi5, heoi5.wav, Ê\
hik1, hik1.wav, à]øÀğºñ¾ââ
him1, him1.wav, ó²ïãÁ¾ÊàÜËîV
him2, him2.wav, ÀIøzÑ@×F÷èê`édİgôÒÜË
him3, him3.wav, Îv¤íºpÍÀØSİg
hin1, hin1.wav, ÌÜ°aãĞ±È²oÜ¦ÊiÑÆ¬æî¿öÃÙRÉjñIîªôNòCërËLÊÀÉÛºS·^ÁdÄÊáH
hin2, hin2.wav, òBİ£Ìºãğùl­løPÅãô­ñş¸Ãè|Äş»º
hin3, hin3.wav, Ämî±±ÈÌÜòeÁd¾Ë
hing1, hing1.wav, ù²¿³æSßè÷jÄÉ­ë²B¥S»´
hing3, hing3.wav, ¼y¿³Áj¿kÛÛãvôuåÀğç
hing5, hing5.wav, ×H
hip3, hip3.wav, ºpİjí_âÃÎ\×F´gæ×®µ¼EËÙ¨óİgÜÎÜË©Ä¯Ù
hip6, hip6.wav, İ²ÜÎ¯Ù¨ó®µÎÛÉÀ¼E´g
hit3, hit3.wav, ·²ŞgÍ®Út®²ç²ÃÈ
hiu1, hiu1.wav, éuâº¹®Å»ÄÛÃß¾õì¦ËâÏJâcäpäùæxæ¡êêäïğtğ§óKóTùG¼å±úéJöÇáSÜWå}÷ãêV
hiu2, hiu2.wav, ¾å
hiu3, hiu3.wav, Â¬¼À
hm1, hm1.wav, éF
hng6, hng6.wav, ­ó
ho1, ho1.wav, Ï·é_à³©V¨ş­V¶FÉD
ho2, ho2.wav, ×SĞøÌe©VàÎ¥i¶a¨ş
ho3, ho3.wav, ¶P
ho4, ho4.wav, ¦óªeÛ]²üÙı³Hì}­V
ho6, ho6.wav, ¦ó²ü¶P
hoe1, hoe1.wav, ¹uß³
hoeng1, hoeng1.wav, ­»¶mêòëR
hoeng2, hoeng2.wav, ¦ëÑÖÂQùYğÎÅW»è®Î¨ÉÅTëRÎĞ
hoeng3, hoeng3.wav, Îs¦V¶mé¸ğÎßİÂQÚı
hoi1, hoi1.wav, Ëèñm¶Ù¶}Òq
hoi2, hoi2.wav, àtåßÖWÓjó¬ñmîÆæÄÜå³Ï·_ñZ³Í°ZªÖ®üáø
hoi4, hoi4.wav, Àbè¸Ñõ«ÄÀe«y
hoi5, hoi5.wav, è¸Àb
hoi6, hoi6.wav, ®`¥è®óÜÍ
hok3, hok3.wav, âºİüõàÜÑÜÊ´ß¹R
hok6, hok6.wav, ÜÊíbËË²UøæõàôÍî~íOêäéf¸èÅb¾Çâº
hon1, hon1.wav, ¬İ¥ZÜ¬á{
hon2, hon2.wav, Éäï_¥Z®Â¨Ô¨uçUæcÉDåÃ²k
hon3, hon3.wav, ¬İæcåÃĞ«¨ÔÉDº~
hon4, hon4.wav, ÓàÑA·FàäÜ¬´H¦½ÁúÂMºmÊCÊRÍÕĞ¦ŞÃ
hon5, hon5.wav, Êø®Â§òÚ¾®«
hon6, hon6.wav, ÍzñpÚ¾ï_¿«²k¦½ö¹Ãv®«®ÂØF¾Zàääâå¯çUë_×÷ÓàÉäÊCÊøÒT
hong1, hong1.wav, ²µâtàFÙªÏoÎÆónÍêÍ{±dºB¨ñµÄÁR¦J®Øµ¨áy
hong2, hong2.wav, ºB
hong3, hong3.wav, ª¡¯M
hong4, hong4.wav, àŞÏzÌÃÒşÓ¹ÚûÍÌÍ³Í¬èÚ¨Y×Ò§\ªC¯è­°¦æ®ì
hong5, hong5.wav, ÓşË\
hong6, hong6.wav, ¦æä¥¨Y¶µ«ÑÛÁÚıÀi®ì
hot3, hot3.wav, ·{´÷õ¦ñ{İşÚtØà½Å³Üê\Ñø´t®`ç²¬T
hot6, hot6.wav, ¬T½Åë[ç²®`ñ{õ¦İş
hou1, hou1.wav, îQõdíöìÃÓª»UÉu
hou2, hou2.wav, ¦n
hou3, hou3.wav, º¹ğ§¯ÓÏû¦n
hou4, hou4.wav, Íóô©ËâÀÚÓÌ¶çÀzÄ®À¢»¨²@¸¹öM
hou6, hou6.wav, æPŞEæºíóöªÕıÎğÅVø¯¹Rµqæ¸Âî¯E¸¹ÑDÑ®á÷©ş
huk1, huk1.wav, î²­úô³İfîí
huk6, huk6.wav, ÖV»ÅÃ[±Ø½\î}áRåÚâºëmò`êÑ
hung1, hung1.wav, ªÅ¸Q«¡ãOÕãÕTÎÌÎFË|ÊâÊ¡±S­ÃçåªÆ¤¿¦I¯M¬¤¯İÚ`¥û
hung2, hung2.wav, ®£İp­ÃÜÏ¤Õ
hung3, hung3.wav, ¯MÀi¨E­Ã°R¶åîü±±Ë^ªÅ«¡
hung4, hung4.wav, ¯MÛXÉÎÚCÉfËlĞPîøÏzíûæİäáàRßÒ°RÆdÂE­iºµ¬x¶¯¬õ
hung6, hung6.wav, åş°RîïíûÀi¨E«¡
hyun1, hyun1.wav, ç¡ö[ê®ò¿ÜäßÅäëèméSé|ë~ï`Íúòà´èÒjàXùNÏÂ²R·xÙJÙPÌÌÕÌØÅ°é³Ù®ÏÙ¯·y¿ÜÀ¥Î¼¸©·Ü
hyun2, hyun2.wav, ª¶¬Ê¤üÍúÒjùF¦`®Ïãe¿Ü
hyun3, hyun3.wav, ï`¬¬ôuê®İİ÷XÒ¢ÄU¨éµºİÉÖ­åÀãe
hyut3, hyut3.wav, ¨Mí|Í^Ì\ÌïÌ¡Êwàe¦å
jaa5, jaa5.wav, ¤]
jaa6, jaa6.wav, ¤Ü¤{
jaai2, jaai2.wav, ¿å
jaak3, jaak3.wav, ¦Y³ğÚoãK
jai5, jai5.wav, ¦²
jai6, jai6.wav, ¬ªÛóªn¦²«ûÌ´ÌİÏAÛ×ÑÃàmáCÏÎäÁ
jam1, jam1.wav, ­µ³±åtâÚ´Üİõ¼kØfØşõMìRî÷ìÆïHøÊËä½®
jam2, jam2.wav, ¶¼Ê«ÌÏ×õ
jam3, jam3.wav, ¯öØ~³±¶¼½®áºãJ
jam4, jam4.wav, ÉUÀÑÓQÔÙÕCä¹ï¦âòÒ{Ã²¤Ğ§³²]§u¥ôğ¿ødôì×yÃùÍÂ
jam5, jam5.wav, Ñô¸ZÑ¡¶¹°M¯ö
jam6, jam6.wav, °MÓQ§³¯öï¦¥ô¸î¶¹ÛPÑ¡
jan1, jan1.wav, Ê»Ñ÷İ®ÔhÍQöËîğìeë¢ä¡âúÛÇºÂ¯ô³`®ô´ó©ı®ï«Ã¹ş®¦ÊãªY¦]ãÓÏçÚñÚ\Ø¡Ï§İöÎX
jan2, jan2.wav, õôäuøÁíVíA×e§ÔÅ}®ïÁô
jan3, jan3.wav, ÍQÁô·wÊÑÕÇÚ\¦LÆ]ôµ
jan4, jan4.wav, ¤H¤¯±G¤I¹Ûåñ¬÷ÍÆçP
jan5, jan5.wav, àÛáúÁiÅ}§v°C§Ô¤Şå¬îXÜh
jan6, jan6.wav, ÚWËtÜhÉØ°bÜù»{¥¥¶´¤b¬÷­N¥QôµË`ÓİäuéxÆ]¿³
jap1, jap1.wav, ¾ùæRÑ¥ÍâĞúÑºÙèÙéßö¯Jµ¿¨¶õGæf´¥ÎkÜáª_
jap6, jap6.wav, ¤Ü·Ôæf¤Jöy
jat1, jat1.wav, ¤@³ü
jat6, jat6.wav, î¸Ï~Üs¥¢ÎòÌéùg¶c¤éäÔÓÒÍ®²G¶hÌüÂï¨Û·¸µÅ§H±³Êp
jau1, jau1.wav, õêÉ¬ïÊìpËçõïïºñMòNä¸Ëúï¢ç_Ì«ÎºàîàZÓªÀî×GÀu¥ğ¼~Òn«Õ¥Cªô«¦ïó³L
jau2, jau2.wav, ¦´¹VÃ^¬c¹\êÉæß×DŞnÍOïÊÂK
jau3, jau3.wav, ¥®ÍO×«
jau4, jau4.wav, ×æëÊ¬Ğ·ß¾{ÃWÉUÊ§ËOÌ¦ÎêÑvÒ[×¥×ÊÒôİÍİÖß×ëOëÉíÙìé÷hÙg¬cîâç£×_ÂıÙj¤qó¶¥Ñªo¤×´åØÆç¬õ¢¹CõqµSÉXÔaªsç¢§ñ¿ä¹\­©´|±y¶l¬X
jau5, jau5.wav, åĞÑvĞNÊrÉ¨ä}¼øÑç¨»ÓMÍÄ¦³¤ÍŞnëÊ¿äëÉñ¥»¤²û
jau6, jau6.wav, æß«ªÓñ´å¦³În¹CÎ­Ï»´|Ûæç¢Îê¤SçÌÍ\Ã^«É¨İ¯§¬c¹V¦ö¥k
je4, je4.wav, Ø½Ígâe²x·¦Ù^­C¨¸±×·İìí
je5, je5.wav, Ô±â²Øo§M·S³¥­Y
je6, je6.wav, ¤Ü¤{°´®g©]
jeng2, jeng2.wav, ¼v
jeng4, jeng4.wav, Ä¹
jeoi1, jeoi1.wav, À@
jeoi4, jeoi4.wav, Õ½ãoëB
jeoi5, jeoi5.wav, ãoéĞğuìé¿¶
jeoi6, jeoi6.wav, §I¾UÜu¸ÇºÍËUÌÙÍºÓÂèûè¤ôüÕ¿¿¶ëB
jeon6, jeon6.wav, ¼í¶|åµéÛ
ji1, ji1.wav, ÖaávÙÚÛºÜTâüêbíßïéñà÷ÃøwãIïŞ¦oÁk¦çÂå¨Ì«¼´È¥ì«©º¬äv¾³Ï«
ji2, ji2.wav, «xº¬ø£çıävØH´ÈÑ°°ÀÔåºYºö­ÊÖaÙs
ji3, ji3.wav, Ñ÷ö^êmÄ³óEØ½øİõTíõéâánæ°Ü²Åt¦ç·N
ji4, ji4.wav, ä¤ØäÛ³×AÉİómÛáàhæÖÌóÏÔìÙé^Î§Î©ËÊÒIæoÒ¿¤IÎÃİ¿ŞU²PÓwÓ´Û¦ïGçPĞÄÒÕ×»Ö«Ô¢ÔAÑæÑßÑfÛBĞ­ĞSÏ¥ÏpÏQÍ]Ë·ìÚÓáÀÀøßöLğ}ï{ïlíÆ¦ÓëlàwİËÛßÛÍÛFÓkËD¨à¥xºÃ²¾©yÓî»ö³D½Ë«¼«x¦i©É¯Ø¶M­£ÉlÂU°Y®ë¨²¨^¦e¹~²­À[½J
ji5, ji5.wav, ­£Ââ¬|¨²ÉtÊdĞwìbØäèöäzğ®ğ¹¨oÀÀº¸¦ÕÄ³¤w¥HÑğà¿Ë¹ÔA
ji6, ji6.wav, ÊhÛÀÑıèöÒ­áCÓáÙŞÏA¤GéÂæ[ìná»ÖõÍûËĞ¬I¸q©ö­¹Ë¹²§½Ë¶L¸w¾°Éİ
jik1, jik1.wav, ³üóì»õí]ôãò¯ñ¾ìóéùã¤ÜÌÉ©Ár§í¾Ğ¯q
jik6, jik6.wav, á»ğ®äÔóìéH±³µÅÔ·¤|«Ô×ø«ÙË@Ë{ÑQÖöèñéLéaé}êWê÷ìÚìîö·öµöPôæô^í\¸AØLÚaæmêU©ö¥ç²GÙ¦®g§ĞÄ¶ó|Ál°f¬Ì«³²İÃ¶Åæ»iêÏ
jim1, jim1.wav, ÚmÚJÔ`ìÖ¹½²TéE©aÕöÔüìIµË¾MÅäìæ
jim2, jim2.wav, ©a×õÆLÎ»ÙfÚJßjàÑãùñïõµ±»éEõ¿Ù£öÍù}°³Úm
jim3, jim3.wav, ¹½­ÍÚmÅä×õìÖ
jim4, jim4.wav, ¾wÀFÃ²ÀÑÍ´µKËäÍÙ÷Õ×£×¤ØEñøª¢¿V×¹ÏIôjÄYÅÉÆQ¶û
jim5, jim5.wav, éÏÚ|ø«ÙQĞæÌI÷t­\Åk¥T¬VÏÓÙ°÷Õøú²H
jim6, jim6.wav, ÆAÙxµK¾wùĞôjÚ]Æo¿VÆvÅç
jin1, jin1.wav, Àp´óùvô´ìFäkÜµµÒçY¯Úâ±¹ä²j®ï«|¿PÒ¸·Ï
jin2, jin2.wav, ç§ëÈõjñüõ¡ºtçÆ··İô­l¶n«^ÍôÅÄ°³³÷ÙLõ¿İêå¬
jin3, jin3.wav, ømøIø@ôQó\÷şñüÚ[Ã`«|®b¿P
jin4, jin4.wav, ÏËÔæéÏĞV²jÑ^¸rÌKÛCâ±çÖôyºáëîãrİw×î×}×zÖgÔºÔ¡§°²C²ìãé²Í©¶½å©µ¿U¨¥¬ãµM
jin5, jin5.wav, õŞù©Áiæc÷ÖäÕØÚÊñË°çPİôÛbÕ«Ú½ºt­l«^ËVÍä
jin6, jin6.wav, ¨£ÑbÍ[ù©øëÍäÒbõ¼è|ØÚßV¬ãØi³A²{®s«Û­ñ¿ÎµxÚ½
jing1, jing1.wav, õúÔcô_ôLîûç¿äTÜüÄí¥¡öQŞ}ñ§ÚVõãâ÷ÃA·ëÆxÅÕÄXÁtÄåİÈÆNõ°À¦÷ú­^À³
jing2, jing2.wav, ÊûáïôFô_öô¬M´º¼v
jing3, jing3.wav, ïïÀ³ët
jing4, jing4.wav, ÊNÃsËr²ºÉZË¶Ñ[ÜeÜ}ôDâlòDäxíPî«ïïñjò^ô]ùm¾®è{¨·§Î¤´Àçî{«¬ªï¦DÄ¹¥µÃÇ¿Ã¾Æ·­¶÷°¤ğ¦¦BÀ¯º·¿¢¼ü¬Õ
jing5, jing5.wav, ÒV°rÏéÕ»
jing6, jing6.wav, »{ªïÜù
jip3, jip3.wav, ÙßµËÆLñ¬¾MÅâìëŞÊ
jip6, jip6.wav, ù®Ä^êE÷A÷QîäêMÄÙé¥éeùMôXİÑÔO¿ó¾çñ¬¼M­¶¸­·~éhí¢é¬Øwñeög
jit3, jit3.wav, ·{¼O¿Ö«|³ÜÅj
jit6, jit6.wav, Û·ø¥öİùÀÜ¡éhï¿Ä^÷ù÷Q÷Añnêôåİå®İQÅj¯åôXù©¼ö
jiu1, jiu1.wav, ¸y×Ì­néu¤ÔØm¦[§¯ÁÜß·Ï÷¤\
jiu2, jiu2.wav, ÅcÂ¶ÂZÏ÷ÒøóµÔPĞ¥ãÏì«ÖÉ§¯ÏWÒÓÌêÊ¼­n¯·ªH¤ÔÊÇ
jiu3, jiu3.wav, ­nĞ@ÖÉ
jiu4, jiu4.wav, Ş­Ø\İlÓmÜøÛşº½ä¢åfáíêşíÙó­ö¯örí´Ò°ÜàÒlÅc¾ø·nğÒ»»³³ÁÁ½`³ó«ÀÄÇ¹®İd¼c¬«ÂÌºoÎ]
jiu5, jiu5.wav, âUæ»ÙgóµëĞ¼cÔPÂ¶ÂZè«¯æŞJÊğÌ³
jiu6, jiu6.wav, Â`ÅcÚà÷Åïú¼åÄ£äFød
jo1, jo1.wav, ³é­ò
joek3, joek3.wav, æÜÅDßÓ¬ù
joek6, joek6.wav, ¤êö÷õşõÛôeÅÔï¶ãÀÅdİØÜvÜYÙüÍ£ßÓÔéÉş¿xæÙë¦òkÉëºÄÆ_ùÅ­hÆ~ÅD®zÃÄ­YØ½
joeng1, joeng1.wav, ĞfÌGà½ÏK»ßÀmªt¬o¯±¥¡àÙ
joeng2, joeng2.wav, ¬M»ßÌ¿ÏKÖï©ÂÌGÌbÏ´
joeng3, joeng3.wav, ©Â»ß
joeng4, joeng4.wav, ômØßÃGÎRÎïÛ±Ş´´öôıâş¸ÔÒ³ñëããñîô[Ö±Ö}õñÁí¶§¬vøä´­¦Ï·¨·ÕÄcºÅ¨Ë¯L«âöøÅ¡·z
joeng5, joeng5.wav, ïĞïîõîõÜöøïÕÄ[ÊbËöÛ±ÉWÖ}ù¶ÄcÄoÄW¥õ®ñ¾i
joeng6, joeng6.wav, ¯L¾iÅı¼ËÆCºy®~Öòöøïî÷÷ÄWôJÄcô[·ÕÄ[
juk1, juk1.wav, Şı­§¹zù¬¬RÑçÀîîMìO±å·¶ètÔmÑ{·Ô¨U¶øáØ¨|¦°¿D
juk6, juk6.wav, ®Kº»¯D°d¼¤¿È®nã½ŞPêĞäg÷§ÒRã´à¦à±èçô¼ñÙÜÙİ@×Áëñèsµ°¨¦·¶Òá¨|ìº¦×©í½æ±ı¥É
jung1, jung1.wav, ñuºûõ×÷vŞ[¾ÃöÈ÷êõË°oÜÜèüééëo¶ä¯ÎÁsëÔ¹l
jung2, jung2.wav, áöêç»c¾Ö´é¾Ã¶Ä÷êÁs¯F±v¸º¨i¿ã¤¾ëÔæ¿ä\Ş[¦şÜéÑU«M
jung3, jung3.wav, ¹l
jung4, jung4.wav, ¿@·»¿Ä»T®eØq¦¥º²¶Ä¯ñåáº_ÖS¹|±eáxµ³ó`ÛA¦şİMáVâ¯âÎñªògØQÓvÒCÏÀìnËxö©ìc÷·Üşâ`ëyİDºH»ÁÂèõm
jung5, jung5.wav, Ø_Üê«i¯ñéæÜD¯F¿ãä\¸ºªØ´é¨i±v¤¾«MÑ¤
jung6, jung6.wav, ¥ÎØQ¦ş
jyu1, jyu1.wav, ÉBÍ¦¨¡Ô¥Ö§ĞÅĞ¬ËiÊıÉã·ï¬ú¨±ÊSãP©ó¤_²J
jyu2, jyu2.wav, ¹áÒÇ·Ö·ï²JÔYÜº¾¾
jyu3, jyu3.wav, ¹áËæØr¥ğó°ñPÜ®²J·Ö³¤Ù­·ï
jyu4, jyu4.wav, ìÒÎ´æÑÂjğ}½Éµã¬ëìé§±ËÇŞ@¿ÌÀá½ÛİùëQêûæôãLâæÚÑß¨Ş¤Ñ²Ü¢éóÛÌÚ®ÚBØáÓpÒ¨¾l§E¤_·M¯ø®T¾§º®¤©Øã´rÁÖ³½»P¦pñÎÚãîmôªïÜç«¦fÀ}³¸ªØµÍª»À©½Â´ü·ìëÆ¬ò·®ØqØ²¶¨×şÙg¹O¸·¨±À¬ÉOØ¤ÊıÙ¿Ä¯ô¬ßxÅAğBØÁ«\±hÊSä§©ó§^è¬ÂwùaôOğÜôËõmöYö]øàãÊøìï§ğ¸
jyu5, jyu5.wav, ë³Ü[İâŞ·ßÌ»yæÕ¤kö]èfé@Ù{ìéñßôÂ»PïØÖ¼íÉç·èº«BÔY¦t¦Ğ¨Å¬êÍ¦Ñm¦¼Íã®FİJ°ëÅÅŞÏ¤©±h±ÖÉOĞF
jyu6, jyu6.wav, ¿İ¿mğ¬Æ~³ë«\»yÂ¡¿Ù¶¿À©ºÇ¿HÏvä§î@´r¶¨ÕS®n¿Ì¬ë¦SÉO»P«B¹w¹Jò¢ëÆãL¹O·UçwÅAÖú¯ø±s´J¸Î
jyun1, jyun1.wav, äBãìã³ßÛÙÖèÑëğôióØ²W­Ş©{»dÀp»ğËuÒ×ßëÕâÑ¦ájöÏèşñú
jyun2, jyun2.wav, Û`°û©{±{ÖJ­bÉpÌÒĞÊÙ¡ÕâÌSãw»d¤Y¨¿°|çóŞØŞÄÚ{
jyun3, jyun3.wav, «èÉpØú
jyun4, jyun4.wav, ¤YË£¨­ÊêÊÁË«ÊfÉ½ÄÍµE¬¸¬§¦Åë`éGĞKÍ´´DÁÕ¹k¨JòXÜnÜô¯YİİâDç´åµçµêãìÊï±ÌÔôà©¶¬¯ÓFçËõ¨ñdî®Ó»Ñ³Ïå¿¤°K·á¹]â[´©½tİÜªuÄa¶é¤¸·½¶ê§¹­û¨ÊÏË»ğã¾î³¯tŞ«¥ÈÚiÖJİCÌKŞ_ÊÚØ£­ìÊº¤¹
jyun5, jyun5.wav, ò}ğ©³nğAìTç«ĞR¹bÄ¯¨¿øE»·­ìÌğæä
jyun6, jyun6.wav, ¿¤ÖnÎì×±´DŞ¶ÑRº@¯t¬¯´©Ä@°|»·×´çËÙd½tãCÏËøEÖ­ò´
jyut3, jyut3.wav, òkĞÀéA¤Aõ·Ü¯
jyut6, jyut6.wav, êRÉºì£àöÍ·Í^Ìï¤AòkĞÀí|æD÷}ëÑÚÃøf°c»¡¤ë¶V¾\®®¤êÓË¥Ş¸f¦GªµÌéÉ|×³ÊòÌöÜ¯ä`àµéAéÄ¦Ö
kaa1, kaa1.wav, àÇ«¢¥d©@Êaé¥³Ø
kaa2, kaa2.wav, ¥d
kaa3, kaa3.wav, ³ØóÁ
kaai2, kaai2.wav, îÒ·¢
kaak1, kaak1.wav, ½y
kaak3, kaak3.wav, ½y
kaat1, kaat1.wav, ¥dÍü
kaau3, kaau3.wav, ¾a¾R
kai1, kai1.wav, ·Ë½]ÁÆ´RæÅøÜÁÑ
kai2, kai2.wav, «´ãvÙÉ±Ò½]
kai3, kai3.wav, «´´tÑíâÛæ·òºòæ
kam1, kam1.wav, ¾¶Û~ÓWÓ×ÓÚÃÌ¸T
kam4, kam4.wav, èëÜtÓÆÓh×áÊåÜ¤Í­ÊĞéıÛ~¬áµ^¸V¾à¾²ÍÁàİìş
kam5, kam5.wav, Êµ
kan4, kan4.wav, ¬á¶Ôªàá¶áËåÂìß
kan5, kan5.wav, ªñ
kang2, kang2.wav, ïdñÇ°Ù
kang3, kang3.wav, ÕvÛÏ
kap1, kap1.wav, ¨VÍ¿æRÜkÌåµ¹¯Å§l§£§ÄÓD¥ù¾ùÊí
kap6, kap6.wav, ¤Î÷¾ÓD
kat1, kat1.wav, ÑõÍü«£«y
kau1, kau1.wav, ÊBò©ÀtÉVá¾ÍÃáà·¾åÖêºæí¹§ó¤ùÄ
kau3, kau3.wav, æ¾·pîz§FíÊ¸á¾RĞà¶ü»¸ö¶ºcÁÊ¦©±F¥n³§çMÌªÌÛÚåân
kau4, kau4.wav, æ¥ÉğäSÉ¦ÍÈÉXèg±ü×äì¸äGßäß[ÔDĞ°ÍŞİWÊMĞÁØNÕÛñÌ¨DĞ¯²y¤³Ú¹¸ÊçğÓZÑµ×\²A
kau5, kau5.wav, óò¸¤¦İ
ke1, ke1.wav, ­X
ke4, ke4.wav, ÃM­X¦÷¿a
kei1, kei1.wav, çıâNÙÚ­ÊØHçÑÙrçû·î±T
kei2, kei2.wav, ¥ø
kei3, kei3.wav, «EÛSØ§ÆkÃM¾¬º[ãEË[¬­Á»
kei4, kei4.wav, É«½B¥ÜÏüÉFóßóŞÓÎÓÃó]×İğ­Êá±T÷ç÷©Õ¤ÊÈíY°NÛmªÂààÄQ§¦ÀBÉQÍ¯ÏÜÑÒÓ½ÔÃ××ğÊŞéàÓãuãÛäŞïkñ¯óÕô¿õgöxùÖ´Ñ¨ä´Á©_ªKºXÃM¬éÅ_ª[¬èµX¸R²N§Áµa«S¯Ï
kei5, kei5.wav, ¥øÕN××
kek6, kek6.wav, ¼@ôä¾»®jíé
keoi1, keoi1.wav, ©ë×¶­ÑÅXÂß¹ò¾s§FÒçÊ]ËÜĞXÌ¶ÌûÍØ°ÏğğÒÇËPø\ÖMå¾ìvì¢Öå
keoi4, keoi4.wav, ÛLÅüÂ£ÀóíªÎéÎúĞaÖëÜCàWéyêøì©ßÉ§Wöçñç´ëöäõÖÒÇîkÕøóı×­ï¨ÖúÛ§ùnùQø¾÷ì÷EğÑõøö_
keoi5, keoi5.wav, ¶ZÌ]©ÚÊ\Òı
kik1, kik1.wav, ´Æ
kim4, kim4.wav, ÀrÌµÊå¹X¶xºã©XÊÅ×áï¯¬aÓÆÉ°èëæòîÓ
kin3, kin3.wav, Ûk
kin4, kin4.wav, °@ÕzÙaö¬ó·âKŞ¥¨­áY°®
king1, king1.wav, æS³¼¶É
king2, king2.wav, á¸ğç³¼æS
king4, king4.wav, ¾®õ´òÕêc½ĞöóéSŞrÙFé§ÕÚ×Õß¼ÄHé£ÀºÃ£æ½ÀÒĞíéÕåà
kit3, kit3.wav, ½~ºÔç¾°PÁæÛ·ËÕØàÚôÛµİÚáùõéöH¹K¿Öç²ÃÈõC´÷®Üè±­¶´¦ºÜ«´Ò^Â^Şgğµ¾e®²Ã\¤m¸×çÍÖ³år
kiu2, kiu2.wav, ÁB¥©
kiu3, kiu3.wav, óTôØÂ¬ÃßéC
kiu4, kiu4.wav, í®êZëLÓ§³ìåHóNÂ¼¹´¾ôÃâåiör÷ã
kiu5, kiu5.wav, æ»ğt
ko1, ko1.wav, à³
koe4, koe4.wav, ¿aÛD
koek3, koek3.wav, «o
koek6, koek6.wav, óT¾»ôäíé
koeng3, koeng3.wav, ±j¾Ê
koeng4, koeng4.wav, ¾Êá°±jâ|
koeng5, koeng5.wav, ÕLßmófÁfğì¾ÊîuçC±j
koi2, koi2.wav, ´n
koi3, koi3.wav, ñZİvÑöàtËFíT½W´n«yÑõ·§¶t´t·Z»\¤¢µ@
kok1, kok1.wav, İ|
kok3, kok3.wav, «ñæÁ²U½T°qî}ÑOÙKºeÀ¤õáğ[ÚÌÜìİ|áÃÚĞ
kong1, kong1.wav, ¦ª
kong2, kong2.wav, ºB
kong3, kong3.wav, ñKõçÄqÉËÂX§Üô£ÉÂòiª¡¥ê¤®ÂRónËfË§ïÉàŞ¨ÂÚïÃmÜpŞò»êÜzÊ©
kong4, kong4.wav, ñÛ»¥¨g
ku1, ku1.wav, ãTãV
kui2, kui2.wav, »û·|Ã¸îP¼ìÀÌÁz¼Déså^¸ìøÛõFòïòJğ|ğrğ_ë×êaí~ëjéøå¦
kui3, kui3.wav, çlåëå¦ğ_éséøòïë×øVÀÌ·|òJğ|Ã¸»ûøÛ
kuk1, kuk1.wav, çğ¦±µñìqÄTôAÏ¦ÚĞ
kung4, kung4.wav, ÛXÖÌ½aªÆàrÊTË|ÑàÚßÛ¼ä©òÈ
kut3, kut3.wav, ¬¡µòÒĞßªøVß²ìoéôïÏÚáÓì¬AÑëµÁÁÅÎbï~
kyun4, kyun4.wav, ÛJàAø½öÔõÊñ»ÕWÔÏù¯»l®±¨÷Åv½ôÚh
kyut3, kyut3.wav, ÜiéÈ×Ø×ÆÍ¸ÍiÌïÅíÅ©¹»ønãÅäÓæDæµñÕôòåkõ¤ğĞêcå|äş¨M×ÓÛï¯Ê³Ö³Z§à¾¡å±¼ûàöÍPÃİÊwÕŞ¿¹ùÁÁğÃÔ¤nÓÀÂö
kwaa1, kwaa1.wav, ÑÕ¸Ø«±¦jÎfä³¸óØ{ËºÎJ¯ã
kwaa2, kwaa2.wav, Ëºìm»o
kwaa3, kwaa3.wav, ¸óÛZ±¾¯ãÎØìm
kwaai3, kwaai3.wav, åB
kwaang1, kwaang1.wav, ²µµ¨®Ø
kwaang3, kwaang3.wav, ³}ÍÍ
kwai1, kwai1.wav, İîáğÓxğ±÷JñrñsîåÙùËÑÁ«³WówêxåäåâátõÉºÌ«¶¿s²¯
kwai2, kwai2.wav, ÷JŞyàiàßğüõÉ
kwai3, kwai3.wav, Ö·Âk·\õ`Üû
kwai4, kwai4.wav, ó¸¸ª¶f²¥´}ÄÜØNØPø¹İtİÀàÔÜUæüìZö\ø¿ø÷ùLùröóÑZù¾İïùÃºÌÄâ
kwai5, kwai5.wav, ÜûİïÙù´}·\
kwan1, kwan1.wav, ©[±X©øÀCóËõyµOŞêµb¹¦ËğÑnÖcÛtñ±§¡¶vÕ­äe
kwan2, kwan2.wav, æã³Oßó÷ÍÖsãY×dÚÊµßôKè§ãl¾@ÃXß@Ñ¨±î¸iÜòÑ¸®¹
kwan3, kwan3.wav, ÒeãYµtµ~§x
kwan4, kwan4.wav, Ñg¸È¸sì±
kwan5, kwan5.wav, µ~ãäãY×dµßçj
kwik1, kwik1.wav, Òw¬®ÓøËÄÕçÕnßb»ØÓıîñìH
kwok3, kwok3.wav, ârózù«öúÂX¹øåvõJ
kwong3, kwong3.wav, ôtõçÂXô£ÉËòiÑéïÉÚïÂRñKÄqÃm
kwong4, kwong4.wav, ¨gñÛ×àËg
laa1, laa1.wav, ©Ô°Õ³âîıÒÚ¤F«f
laa3, laa3.wav, ógíá³â
laai1, laai1.wav, ©Ôì×
laai2, laai2.wav, ¯ç
laai3, laai3.wav, Äî¸¨ô»Â~¼F
laai6, laai6.wav, ¼FÄîòrÑ_Â~¸¨¿àÅ£Ãuätô»
laak6, laak6.wav, ¦Ø°ÇÒã
laam2, laam2.wav, ÅóÌÔ
laam4, laam4.wav, ÄxõÙò~ìÇÕY´PÄ°°ıÂÅ
laam5, laam5.wav, ø°ÄıÆVÅóÌÔøö
laam6, laam6.wav, Àİô«Ä¥ÆlÂeìÇïùöWø°
laan1, laan1.wav, øÆ
laan4, laan4.wav, øÆİÁòıøóùSø®÷üÅÓøÂÁñÄãÄiÄdÄæÄõ
laan5, laan5.wav, ÃiñûøÂòı
laan6, laan6.wav, ÄêÄiù¤
laang5, laang5.wav, §N
laap3, laap3.wav, ïÔ
laap6, laap6.wav, ¿ùãÜÌl©ÔÏXÛi¥ßøNïÔÖ÷ÃåÛK©UÄúÃ¾
laat6, laat6.wav, ©Ôİ·İëÄî»¶«fâÜÓêóÄ¦CÃå
laau1, laau1.wav, ¼´
laau4, laau4.wav, ¼´
lai4, lai4.wav, ¾¤õ¶ëIòÔ²p¨ÓóÑÄùğÛÛz
lai5, lai5.wav, Â§Ä¿¿Cøôø×Äùø©ÜÆ÷ÑàT
lai6, lai6.wav, òKùyòrô¡ößöFø³Ä÷ãï¯ïÄrÂ~ÏíĞ³ÑäÕ`ïòõæöâ±ÊÄ×Áõ¼FÀy°æ÷ÑÍBÄR©Ñ¨ÒÅÏ
lak6, lak6.wav, °ÇÉ¤¥{ÌøÍ§¦ØÉRÉvÉ}Éª÷¯Éñ
lam2, lam2.wav, çÜ
lam4, lam4.wav, Û«·÷ÀMµYÕY²OÁ{ãSŞèªL
lam5, lam5.wav, Ò_ùXè_éI¾Ïìõéo»ş¸[
lam6, lam6.wav, Á{
lang1, lang1.wav, ×W
lap1, lap1.wav, ²ÁĞk²É¥W
lap6, lap6.wav, ¥ßİ²ì¤Ìl²ÁĞk
lat1, lat1.wav, ¥Ï
lau1, lau1.wav, êyÁ¹¹ÆºO
lau4, lau4.wav, Îêâ~çB÷º÷½İUÛÄİFï¬á\òÖßÔæníğá~á½¼BáÏáå¼Óâ{ço²¸ê²ÃHîbïÍóeõKõSõaöuö±ö¿·È¯dºh¹ÆºO¯[½FÜ¼»¿Á²Âs°úñ^Å\íç¬yî¼îÜÙ~
lau5, lau5.wav, á\á¨æñãq¬hÁ\ïÍ­gÁ¹çoºOÏÖÁMòÖ
lau6, lau6.wav, Ãó÷ºİaÖüÜèÂü¿bî¼»¿­®ñ^ÃHóyº|·ÈÅSïÁ
le1, le1.wav, «¨­ù
le2, le2.wav, «¨
le4, le4.wav, «¨
le5, le5.wav, ëq
lei1, lei1.wav, ³íïg
lei4, lei4.wav, ¯WÆX±ùÍùºv¼şËDöFğÛòHÖÃåËøMá}Â÷åú¿©ÅµùÎ÷ğöèöÛóîñNîqíĞíÌÂçåøáußSÕ¼Å^¼ù»©¸Ä²|òÔùÏÜÆøşÄRÆz
lei5, lei5.wav, Î~©p¾Y¸Ì®[¯@Åİ«ZÃU¼i­ù§õ¨½²zùØÑ§
lei6, lei6.wav, ÛàÑd§QÂ÷¦O²ú«W»Y¸ÄµgÑEÒYÒªïg
lek1, lek1.wav, ¥{
lek6, lek6.wav, Ãc
lem2, lem2.wav, ¯ç
leng1, leng1.wav, ´h
leng3, leng3.wav, è°
leng4, leng4.wav, ÆFóÇ
leng5, leng5.wav, Ìd»âÀ­
leoi3, leoi3.wav, Ãq»M®È
leoi4, leoi4.wav, °úòÑõí÷K÷d÷ĞøòùEÁ¢Å[¿cåêÁ]¹ãÃ½¾İåö÷ÒçBçm²Ö¹pÆjòOõìòvês¾[ÅJÃqæ®íD
leoi5, leoi5.wav, ÷W¸ÌùsßeÖÀè¼Îâ÷ĞõìğWô|¦ÔÜ¼ãèğOÁ¹½Uºª»MÓùÕÍÚõê¤ì»àLğäòOòTòÒô¤õØöAù|¾[¼i²Ö¾TÂS®ÈùØ¹ğÁ\«QÀwÁ¢§f
leoi6, leoi6.wav, àLÂoğWÍB±Êä¶¦Ô©Ñ°æì¿òvôsõìô{ø¶øJ÷ôõè²ÖíDätÃş¼{²\Õ`
leon2, leon2.wav, §Z
leon4, leon4.wav, ôBÅì¨Ú²_ÁCºú±[±Á­ÛÅïåbÔ¬ã`¿îÃáêé¿M¿Z÷xÛ¡åûísízôé½üìCÕeãîèFŞñğvğzé¹ØKèĞ¾F½×ÙÃ
leon5, leon5.wav, ßA§Zàü
leon6, leon6.wav, ÕeÁCÚe§[Ä©½×éÀ¯¿ŞñÆnìMíoØKóP¿îêéÃáÜ±àüŞj
leot6, leot6.wav, øZÎZ÷}ÖµØéİ¹ğqßĞâÔêRäûæşê¼ëÑíÒöºöÊÚÃ¦Ö·Xøf®ßÂS«ßí|²væzÜî·Ì
li1, li1.wav, ÑE
lik1, lik1.wav, ¥{ïÓñòòtôU÷`÷eÃ{ÃwÉ}òRÄtôqÆE
lik6, lik6.wav, ÆE¾úç¤¾äÉëòRÃwÄt°¬Å°ÉvÂğØd÷`¤OôUÃcù­øC÷eã»ÉRùxï¹òtĞ²ÒõÉñøHô¾ôqñòğV
lim1, lim1.wav, ¥O
lim2, lim2.wav, ¯ç
lim4, lim4.wav, Â¥İ¸í÷äCâVõıõiòçôÔñTæÂŞI¾ü¹İ©©ÅI·GÃ®
lim5, lim5.wav, ÀÄÄkÁyò½ŞIòğéZîVõıíK
lim6, lim6.wav, òğÀÔÄkÀÄîVêFíKõı
lin2, lin2.wav, Ãì
lin4, lin4.wav, ½¬Ãì¼¦áñÌ°º§¹síåíà³sÅ¿ğığŞåÑáUîræ£
lin5, lin5.wav, Â[ñL½ûæ£Ü¶áñ
lin6, lin6.wav, ÒYØ©Ãìßµ½m·ÒÙïÁå·¯
ling1, ling1.wav, ¥O©ğ
ling2, ling2.wav, À¾
ling4, ling4.wav, ÍeÌvÌ°ÌdÌRÌBÖvËïÔâ½·ÀoôáÜFª~îúøÈù»éûÂfĞÍù¼îUèIÛŞÏaÌA×WÖØõóÕæÔ÷ÔÂÒ¾´h³®¬S¬Â¹aÄÖÆF¹sîS¥O­dÒåèDÒËøĞëöóÇäA©ğËñ²ŞÄç³M²Üºğ­âÙ±èÍ¸W²â¾ø§D·«µÙÁC
ling5, ling5.wav, ËïÌd¥OÌvÀ­»â
ling6, ling6.wav, ¥t·«¸WèDÔÂĞÍ¥O´hŞÜÀ¾Ï¶
lip6, lip6.wav, ÃåïÔÂyÆc÷aì½òqÃ¾ê\
lit3, lit3.wav, õéµ²
lit6, lit6.wav, Ó~«¨ÓêÛ¶ãtè¾ïqï¥í`©ÑŞá°æàd±ÊÎu¬{¨æµõ¦C¯PĞ³
liu1, liu1.wav, ¼ºáæ·È
liu2, liu2.wav, ®Æ¼ã
liu4, liu4.wav, ålêíå¿øcåVãªâ{áÌá§ğgğÂğîõSöséÉê¶ÔBóv¤F¨ĞôïÀøõQÁA¿ñå¤ïÃ²á¹±¼dÖü¼º¹é¼IÂ·¼ã¿Ræy
liu5, liu5.wav, åV¹±¿Rå¤ïÁóvämÔB¾éçd¼ã¤FÁA
liu6, liu6.wav, ÔBÀøÉÕ¼º®Æ¿R¹ù
lo1, lo1.wav, ÅoÉí«£
lo2, lo2.wav, ãÌêsòİõğÒÛ»rÔÖ
lo3, lo3.wav, áçÅo«£
lo4, lo4.wav, ÅÚÄùÄØß¢ÃñÅzòGÆYÃ¹ËÓºªáçÆròİÅŞøãÅ[ÅoÁ³÷âòô
lo5, lo5.wav, ËÓ§ZòÙòİêsÒÛõğãÌ»r
lo6, lo6.wav, ùBÅŞ
loek6, loek6.wav, ²¤±°áæ
loeng2, loeng2.wav, Ôy¨â
loeng4, loeng4.wav, ãxïY½ÌßâÂ³èG¶q¨}±ç²D¼ÙÙÊÍİ¸däW×[
loeng5, loeng5.wav, ãø¨â­ÇÃRÔyãy
loeng6, loeng6.wav, Ñ¢ØgÕaĞÈ¶qäW½ÌÚNãy²D«G½ø¨â
loi4, loi4.wav, ×ìóÉñ°ëäÙ·ÔûÕé¨ÓµÜ±tóàã]ÕJ
loi6, loi6.wav, ±tÔ¨çìàLät·ı¦Ôçâ¨Ó
lok3, lok3.wav, ¹T¯_¬¥µ¸Àd¯O«£»Ü÷`ºª¯Şºº¸èÖ¸¼Ö
lok6, lok6.wav, ¬¥ùxïp»ÌÎªÃ{Àdµ¸ïöÖ¸¸¨¼Ö¯_àå»Ü¹Tºº¯O«£ï¡÷`
long1, long1.wav, Øj
long4, long4.wav, ·}½¸×[ÚÖÕ°ÚÅßGßâècÑùò]ïYäW²w´Y¯T­¦®öÑqîÏ·ãÃ¼Øj
long5, long5.wav, ÑqäNè¦ã¬ÜñÖHÑ¢®Ô
long6, long6.wav, ã¬äNè¦×[´½ÑqÑJ®ö
lou1, lou1.wav, ¼´ÂPî¦
lou2, lou2.wav, ¨Ğ
lou4, lou4.wav, ñöÆjğbğgğ»ñóåcğäñRòGôVôùöş÷Båü÷C÷Où·Öj¼{³ÒòuÄl¨cÄª¼´Ãy¼G¿cÆ`À÷ÃføGÆt÷FÄ¤ÆDÒHàò
lou5, lou5.wav, öf«¾¹±¸¸¾|¦Ñï×ósÎLæyÏÁóWòÅê­éÉçiä{ÓyÑİ¨ĞÎÄº±ò[¾Û¼ã³¿Ãr
lou6, lou6.wav, åüÆOíiáoàxéğîFò«¼GóUéÔ¸ï¹TÅS¼ã³Ò¸ôğb
luk1, luk1.wav, ê¬í»ŞŞñF¸LÄS
luk6, luk6.wav, ÌtëõópğúÚ£ÛwÜOæjŞ×Ş÷áÜçùè^ê¬ñ³óÔ¸Löüî\÷UóİçSõSÖüËıáµí»ñFÄS¨¦ŞŞácÕûùx¨¤¤»³°ºñ¿ı³ÀÊF¿r¶ÎçdÕñâu´â¼®¸S¼{
lung1, lung1.wav, ÁK
lung4, lung4.wav, ôSô¸ôPõâ÷P÷RøFù¸øĞøËöÕóuñıøDçå÷MÃlÀsÃeÅ¢¶©ÄVÄgÅ¤ÄnÁKÄïítò]
lung5, lung5.wav, Å¢êÂÃlºbÃbÃ÷ï·ò@
lung6, lung6.wav, ĞñÕ±øDÛÁ§Ë
lyun1, lyun1.wav, ÅËùÌ
lyun2, lyun2.wav, öÜÅÊ
lyun4, lyun4.wav, ÅËöÚùCÁp÷ßÅrÆqÅpÆeÆ}÷áøºùk
lyun5, lyun5.wav, ÅÊöÜùC×J
lyun6, lyun6.wav, ¶Ã
lyut3, lyut3.wav, ¦HätÑ»ÑBÑM×Jèn
lyut6, lyut6.wav, ÑMèn×J¦HÑ»ßî
maa1, maa1.wav, ï»ÉÓÀ¨¤\¿Â»ò¶Ü¶ı
maa2, maa2.wav, ¶ı
maa3, maa3.wav, ¹À¶Üï»
maa4, maa4.wav, ¹À·òÁ°·÷À¨¶ı³Âæs¶Ü
maa5, maa5.wav, ñV¶ıŞbâY¿Âº¿½X°¨¶ÜöÅ
maa6, maa6.wav, ö£½|æÌâY¿ÂØX
maai4, maai4.wav, ®IÅµğ´»©
maai5, maai5.wav, ¶RåGøh
maai6, maai6.wav, ½æÁÚäô
maak1, maak1.wav, ï»
maak3, maak3.wav, À¼
maak6, maak6.wav, ­¯¸çÅZ¸èñw¾¥¯ßÖ¯ÉE¸U³Á
maan4, maan4.wav, åØ°ÒêBº©ÆZ½¯ÃîÄCÅÁğãÌFö¥
maan5, maan5.wav, ±ß®Y×Nø´ÚÂßË
maan6, maan6.wav, ærâÍÅÁÄCö¤êBîcÉEåØäoápÜ»×NÉÃÁgá[ğãÃî½¯¸UºCº©°Ò¹÷
maang1, maang1.wav, ÚíÁ^
maang4, maang4.wav, ëÕÍv×fª]ª¼
maang5, maang5.wav, ëÕ»SàïøØŞÁ²r»g¿ø
maang6, maang6.wav, ©s·ù
maat3, maat3.wav, ©Ù
maat6, maat6.wav, äÀÄû
maau1, maau1.wav, ¿ß
maau4, maau4.wav, ØËèÕå\çºõ£Áã­T¥ÙÏ¨äµ¼ù¤ò¿ßÚU­gîi
maau5, maau5.wav, ¨d¹g¥fª}­gÎö
maau6, maau6.wav, »ª
mai1, mai1.wav, «}
mai3, mai3.wav, ùJ
mai4, mai4.wav, ÂGÖ©ïªÁSõ²½N°gÁ¼ÅµîÅ
mai5, mai5.wav, äwÖ©¦Ìãã«Ú«}®Å½N¹@çkÛ±Ù÷
mai6, mai6.wav, °LÁ¼«}
mak1, mak1.wav, áMï»
mak3, mak3.wav, ÙT
mak6, mak6.wav, Àq³Á«_Ú÷©¬Û¾¦Ê¼K¨Õğñ¯ß¾¥áKõëñwï»ßûÖ¯ÉE¸ç¸èòmä±ÅZ­¯
man1, man1.wav, ¿TÍT°A¤å
man2, man2.wav, »D
man4, man4.wav, ôoèàëEàÃÍ²ÍpìBìJäÙ©×èäÚ§İ¼ÔşĞ¢»Ôæè©¢ª³ÌÉÌÅ¨Zøxª]ï²îòìL¶²°A¯¾»D¤å¥ÁŞĞÌxÓ^
man5, man5.wav, ¯¿¿IÌ~Îè§îæ^Õ_İ¯ÖĞİÃàï÷¶äìµCÊnËêÊz±Ó§k¼§©×»Ôª{ÌëğjöCİ¼¶{¦F·]
man6, man6.wav, ôoß_ôµ¨Z¯¿»D§K¤å°İÊ¹
mang2, mang2.wav, Á^
mang4, mang4.wav, ëE·ùµŞ¿_­jê{Ípª]Üó
mat1, mat1.wav, ÉA
mat6, mat6.wav, émÓOª«ÛÅôz±KâX©¬ÊÄğÅ»eçLâmÍ¾ÌWËWÁÄáGÄû¤ÅÎ¢
mau1, mau1.wav, µl
mau3, mau3.wav, ¥f
mau4, mau4.wav, çº¿Ñ¥À¦ÈÁ[²¶Ø¨èÕäµñ~ï­îŞï¤Û¿îiËÆÎN
mau5, mau5.wav, ¬Y¯a¨dä^Ï¼
mau6, mau6.wav, Á[¶TâçèZ­ZİÕÀ·×ÀÂÕ
me1, me1.wav, ªËÉA«§
me2, me2.wav, ¬nÉA
me5, me5.wav, ªËÉA
mei1, mei1.wav, «}Ö©®^½N
mei4, mei4.wav, ÄjïªÃûê°íQ¾`ôKíİÁ¨ÁS·°ÂGØİËÍÜSŞWØ«ônöá÷æ÷óøÇ´AìİµDŞ»·Löñõòí¡¬ÜôÌğNöoÅğÀ±
mei5, mei5.wav, ¬üß¾ß¤ÜöÙí®ÅíQ®U«ÚªËÃûÁâ§ÀØÃ÷ŞÄjöéöÖÒL
mei6, mei6.wav, ¾yìuŞq´AÛs´K¨ı¥¼¨Sç®Éø
meng2, meng2.wav, ¦W
meng4, meng4.wav, ¦W
meng6, meng6.wav, ©R
mi1, mi1.wav, Ö©½N
mik6, mik6.wav, İYã²â·îyâ»ò»èòßû¤éÜâ¦Í¨Q³V¾­ém
min4, min4.wav, òQôvçªòzÔí´Ö¯vºøØ¶
min5, min5.wav, ß_Øy¿IñÉÙMàïÏâ°Á¨\®YµBÀSÉM°Ã½q«j§KÍé
min6, min6.wav, °Á½PÏâ­±ÄÑ
ming4, ming4.wav, ã²â@à¥ŞHÜóÖ®Ïy¹Uº\½P¯ú¿Á»Ê­ß»ï¦W©úîy
ming5, ming5.wav, ¹U¯ú¥×­ßÎq»Ê½PÜóº\İoŞHã²
ming6, ming6.wav, àQ©Rº\
mit1, mit1.wav, İ©
mit6, mit6.wav, ·ÀïËöGöBîGïÅÁN½°ïñİ©ùw
miu1, miu1.wav, «}Øp
miu4, miu4.wav, ºË­]¿ß´yø^
miu5, miu5.wav, ¬í´ùÂÆ½z×Ë¯·ªHªWÂäÙç¬àæÚ
miu6, miu6.wav, æÚÏÆÁ[¼q§®
mo1, mo1.wav, ¤\Å]¼¯»ò
mo2, mo2.wav, ºN
mo4, mo4.wav, ¼¯Ä¨ó±¿iò×õÂµLö¢Å]
mo5, mo5.wav, ÉNÀ¨»ò
mo6, mo6.wav, ¿iá_ò×
mok1, mok1.wav, ­é
mok3, mok3.wav, ºN
mok6, mok6.wav, ÂÆ¹õóh²öåÉáfºNäná³Âä¹æ½¤íÕê~êpğñºzáK
mong1, mong1.wav, ¤`
mong4, mong4.wav, ¨A±æáû­j¦£ÑxôÀª]ï\èlÚÉÖ]¯í¨~ÉùĞöÍ÷Íp¤`§ÑÚ³Ê¾ÊQÑ`×ZĞBßç
mong5, mong5.wav, ²õªÉáiÁ¯ÊJ±¦ª]¦kºôÊIÛvÛ\â¥ÃS½ş
mong6, mong6.wav, ±æáûÍv§Ñ¦k²õ
mou1, mou1.wav, »ì
mou2, mou2.wav, ´U
mou4, mou4.wav, ÁUÌÚÍ»µL¤ò¼Ò¤`Ø¨øiºN½¤åõ¼ùåøòşí¡×Ü×b¼aéİ»ìár×öÑÑÂÓ¼±¤ğ¿¾»z§Å
mou5, mou5.wav, «¾í¡ä^öVÎ¨¼a¼­©i«V»RåuÉNĞÚ©æÄMÒäŞæªZ¥Àà¾åFæKêğíqØ¨Û\
mou6, mou6.wav, ¬şíÕçgßÀáÎõ­¼Ç¹Ó¼}¶Ò·èÃú´U«_²ö°È¥³ñ~ÄEÍ»ÏäÑÑŞAİæç±Ø¹Ø¸
mui4, mui4.wav, ßuâûá_ª´²ùèqĞ£Êz×Q¾`´C±öªT·ÑÅğ
mui5, mui5.wav, ÒZÑÀêT¨Cæ^
mui6, mui6.wav, ©f·è¬NªzÒÎÚ¶äÉç±¾y×Q
muk6, muk6.wav, ßÀ­`ËøÒAè¯ÍV×q¨N¦Èçgà»Á[·ü¿pªª¤ì¥ØÓ¾İæçH
mun1, mun1.wav, õO±¿
mun4, mun4.wav, Û¯æ¤åÒÑ«±¿ÂÚõO¿fªù­ÌáÊê°ëêìVùÇöÖö¤
mun5, mun5.wav, °ÒÂVåÈÑ«º¡
mun6, mun6.wav, ´eÂV¿TìVº¡
mung1, mung1.wav, Âc
mung2, mung2.wav, ÃjìÜôÈ
mung4, mung4.wav, ïÚè÷ù`÷wô¶¹Úò¤îÄÓ]ïêìÜê{àÖÊ¾Ã©ÃjÀÛÂcÂa»X
mung5, mung5.wav, ìÜÃjìçôÈ
mung6, mung6.wav, îÄñxê{÷q¹Ú
mut3, mut3.wav, ¯°ªj©Ù
mut6, mut6.wav, ¯°¨SÖàÎş×rïñ©ÙªjäÉäÀÌëª\ÌE­[¥½
naa1, naa1.wav, ­ş«n
naa4, naa4.wav, ãÊ®³­şÎÔÑ²®R
naa5, naa5.wav, ¨º­ş
naa6, naa6.wav, ¨º
naai1, naai1.wav, ¥¤
naai4, naai4.wav, ¥¤
naai5, naai5.wav, ©pìÎÔCÊN¦»èó°i¤D¥¤
naai6, naai6.wav, ëqË¹
naam1, naam1.wav, ÏI
naam4, naam4.wav, ×xİÆÌ¾ßÙÏI¶©ë¤×¤«n¨k³äÉÆ·£¦_ç¼
naam5, naam5.wav, ç¼ÙõßvßÙÙkÕù
naan2, naan2.wav, ³i
naan4, naan4.wav, ÉÏÃø
naan5, naan5.wav, æc÷Ù³iá{
naan6, naan6.wav, Ãø
naap6, naap6.wav, ÖÕèŞ³[§o¤º¯Ç¶uÊ´ÓÔ×Ş
naat3, naat3.wav, ¶u
naat6, naat6.wav, ±Ì
naau4, naau4.wav, ïşé`¼¸ÚqÁã©LÂÌ¾øÌ¬ÑoÑ²ñùòøöïÄÂ
naau5, naau5.wav, ¼¸
naau6, naau6.wav, ÕïÄÂ¾ø¾xÑeğ}¼¸
nai4, nai4.wav, ªdÑkùDËô
nai5, nai5.wav, ïäªdò¥Ğo÷n
nai6, nai6.wav, ªdĞ´
nam2, nam2.wav, çÜ
nam4, nam4.wav, ÕùÛPŞp
nam5, nam5.wav, Îæ¸ZÛP
nam6, nam6.wav, ØÉ
nan2, nan2.wav, ¯G±É¼¿
nang4, nang4.wav, èô¦Ó­@¯àÊ­
nap1, nap1.wav, ¥W²É
nat6, nat6.wav, Í°³[§o
nau1, nau1.wav, ìĞ
nau2, nau2.wav, §á¯Ã¥ğ¦´§¬ÌØ§×Ëc¶s
nau4, nau4.wav, Ño
nau5, nau5.wav, ¦´§¬×p§áÓMÌØÍUËcÉ¨¯Ã§×¶s
nau6, nau6.wav, ô°æß¿®¿°ícïßñU
ne1, ne1.wav, ©O
ne6, ne6.wav, ÉA
nei1, nei1.wav, ©O
nei2, nei2.wav, ¬|
nei4, nei4.wav, Ûõ©OÒó©gÑkÀ±Äj©Ëò¥ôn¥§
nei5, nei5.wav, ò¥Íbïäîö±zäÒ©p±İ§AÏFĞo
nei6, nei6.wav, ¿°à·ÛÀÖ¬Ò­Ñıªd»ç
neoi5, neoi5.wav, Òg¤k×ıÛNĞFì^¾kÑc
neoi6, neoi6.wav, ¤k
neot6, neot6.wav, Ûç§o³[Í°øf×Ñ
ni1, ni1.wav, ©O
ni4, ni4.wav, Ì»
nik1, nik1.wav, ¼|Îî¼ÊÓÒİ«á|·Ä°Î
nik6, nik6.wav, ÓÒÖ¬ÎîêËØı·Ä°Î¼Ê
nim1, nim1.wav, ¸Z±ÉÂH©àÙÂ
nim2, nim2.wav, ±ÉÕù
nim4, nim4.wav, óÎÖß÷ÇÂH©à
nim5, nim5.wav, ±É
nim6, nim6.wav, ÙÂ°á¤Ü©À
nin2, nin2.wav, ±ÉÙÂ©à¼¿íÍÛù
nin4, nin4.wav, ÎD¦~Îp
nin5, nin5.wav, ¼¿ÁÓ½V¯GöU
nin6, nin6.wav, â^Õ«½VÁÓÎp
ning1, ning1.wav, ©ğÀ¾
ning4, ning4.wav, ÷kìÑÉrÀ{ô²ù]ğ¤èôÚ¬ØÑÀñÂfÀ¾¹ç
ning6, ning6.wav, ¹çÀ×À¾¦ğÍFÚ¬ØÑ
nip1, nip1.wav, Âì
nip6, nip6.wav, Æ\¯IÂ¿ØwÆhĞ|ÕxÙvÜ¡ù®¯å±ÉÂìÄáê·÷nèEçüäX®º
niu1, niu1.wav, ¸ÍÜõ
niu4, niu4.wav, ìĞ
niu5, niu5.wav, ³¾¸Í¾ÅÜõçrësìĞ
niu6, niu6.wav, ·Ä§¿
no1, no1.wav, ¨º
no4, no4.wav, Ñ½éÖåµÕ{ÕÊõÀ®¿­ş®RÃø¨º
no5, no5.wav, éÖ¨º®R
no6, no6.wav, À¶¨ºÄzìâ
noeng4, noeng4.wav, Ä]®Q
noi5, noi5.wav, ¾kì^
noi6, noi6.wav, èóëå¯àĞSË¹ënÙòĞÒÏUÌí©`­@¤ºëq
nok6, nok6.wav, İ«à£¿ÕÅMêËØo
nong4, nong4.wav, ÅnøîÅ{
nong5, nong5.wav, Ääøõé«ôHøïøÄ
nong6, nong6.wav, ùÔ
nou4, nou4.wav, ¥£¾q©®ÌVÖÙ©Lç¬ÚqñùÑoïş
nou5, nou5.wav, ¸£©¸·ê´oÒß§V
nou6, nou6.wav, ğ}«ã
nuk6, nuk6.wav, Ñ~Ñ×ÓĞ§×
nung4, nung4.wav, ¾ºôåò³ôÑù¹òëøTÂª»úÁw¿@¹A
nung6, nung6.wav, §Ë
nyun5, nyun5.wav, ·x·ÜïNÙö
nyun6, nyun6.wav, ÂwÙö¹à
ngaa1, ngaa1.wav, ¾~¤XÙ²¶®
ngaa2, ngaa2.wav, °×ÕoæÌ
ngaa3, ngaa3.wav, ÔÕùÓÕoÔÁªü¨È´ãÊPëè
ngaa4, ngaa4.wav, §^Íg²xÊÂÉ·¤úªŞ¸Å°HÌÖ
ngaa5, ngaa5.wav, ¥ÔÉÄ¶®Ê_¥ËÊÏëV
ngaa6, ngaa6.wav, ÕoÏë±s³YÍÎóúËb¥Ë
ngaai1, ngaai1.wav, «uÔ¢®J®Á­üÑ]
ngaai3, ngaai3.wav, ÜÌ¹iË®¾³ÜÓ
ngaai4, ngaai4.wav, ŞİÔÄÔ©±º±V®ÁÖF²P
ngaai6, ngaai6.wav, ŞİïcÔääÏ«uï|¦ã¤ÂÉ@
ngaak1, ngaak1.wav, ÜGÖ¬³m
ngaak3, ngaak3.wav, ¸ã
ngaak6, ngaak6.wav, ¸ãÎ£°fÃB
ngaam4, ngaam4.wav, ØuØåæò©¥ÀùÅÉèø÷Óâòøúõ±
ngaan3, ngaan3.wav, ®Ëö»ïv
ngaan4, ngaan4.wav, ÃCëZ¬ãİé
ngaan5, ngaan5.wav, ²´øë
ngaan6, ngaan6.wav, ¶­èíÅ¬
ngaang1, ngaang1.wav, òwÄ¢êß
ngaang6, ngaang6.wav, µw
ngaap3, ngaap3.wav, Àn©ã
ngaat3, ngaat3.wav, ø}Úmè¶ïP¹KÀ£ìFÚoÙ]©ãªîÓiØ¥
ngaat6, ngaat6.wav, ÛGñê¤ïÅjø¥Éåï¿
ngaau1, ngaau1.wav, ¥W«rËü
ngaau2, ngaau2.wav, ©í
ngaau3, ngaau3.wav, ©íäÈËü
ngaau4, ngaau4.wav, òj¼õÓBªÔÀaÚŞÏmÙâ²c±\¤ø
ngaau5, ngaau5.wav, Ğ@ŞJêBÊ¼«r
ngaau6, ngaau6.wav, ¼Ö
ngai1, ngai1.wav, íß÷Ã
ngai2, ngai2.wav, ¸G
ngai3, ngai3.wav, éµø¨ánêméâæ°¿~ÁkóE
ngai4, ngai4.wav, ÔÌæÄÎ|®éø¤öîóÍèNãêİR×íÖeÔÜóó­ÙÀOÄŞ¦M¨àõ²¤IÎ¡ÖFàÔÏªÃQçÓ
ngai5, ngai5.wav, é^Î¡ùÀòÃğ\Î|ìöôÚëcóªè»àÔÕx¸¿ÃÆÎiø£Ö·
ngai6, ngai6.wav, ìØïkùJ÷LòÉÑòçãÎ³¸ÚêW¼İÃQ­Ù¬ıÅm¸EÔ°ÔÌåÎçZ°°ÃÀ÷YÙ¨
ngak1, ngak1.wav, ¹iÔQ¤Ì§c³áØò´¤İ~´ìË®ì_ÆS§ã°×ßwİ¦Ö¬
ngam1, ngam1.wav, êuÄO¿ÚµÚ±gØÀÉDßrõL
ngam2, ngam2.wav, ÙfîîÅfÔ{Ù£
ngam3, ngam3.wav, ·tîîßrÙ£
ngam4, ngam4.wav, ÊõØu§uÏÍàØ
ngam6, ngam6.wav, Øf
ngan1, ngan1.wav, Ê±
ngan3, ngan3.wav, ¦L
ngan4, ngan4.wav, ï½çİÒ¤óû«­ÑHÍ]»ÂÅi»È³`ïç¦á§¦
ngan6, ngan6.wav, éxÚy¶´ÑP
ngang1, ngang1.wav, ÅaÄ¢êßñ¢
ngang2, ngang2.wav, ®C
ngap1, ngap1.wav, ¶ßßj
ngap6, ngap6.wav, ïèÊÃ§£Ïî§ÄØw
ngat1, ngat1.wav, Éå
ngat6, ngat6.wav, ÉıÉÖÉáÉèÊYËBÍ|Í}Íõª¸¨´Ësó÷¦z¤a°WÊVÉhÉJÉÉ
ngau1, ngau1.wav, ¼ÚâxÅÃ¹Ã¹_áÓócæeğİ¤Ä¥y°Ï¿^
ngau2, ngau2.wav, ¼Ş¼Úå¾¹Ã
ngau3, ngau3.wav, âx
ngau4, ngau4.wav, ¤û
ngau5, ngau5.wav, °¸Ê~½¢êùßxÖÉÃÂ
ngau6, ngau6.wav, Ê¡
ngit6, ngit6.wav, ø¥ï¿Åj
ngo1, ngo1.wav, ªü¶aŞË¬_ÏÈ°şÔó
ngo2, ngo2.wav, Öa°ş
ngo4, ngo4.wav, «X®@ÃZ®Z¸¿ÒièâÖxÌâÍÒÚ¸®o³_ÚËÊxÊ§×mèrÚÁ
ngo5, ngo5.wav, Öa§Ú
ngo6, ngo6.wav, ª×ÚË¾j
ngoi1, ngoi1.wav, ÕÙ­ü®J«s
ngoi2, ngoi2.wav, Ä§ÆGËHÕÙ®Á½JùW³ÍØ¥¾¼
ngoi3, ngoi3.wav, ¾¼ÀõØ¥ùWîI·RéTìÍäíÀÇ
ngoi4, ngoi4.wav, áôâÊïc½J§b
ngoi6, ngoi6.wav, »ÒæÄğ|¥~Ãª
ngok3, ngok3.wav, äú°î´c
ngok6, ngok6.wav, ôYë§ÃÄòRØŞØ®ÁîôºøíøÌùbõ§ÎK¶k¼Ö¸°¾µ´j©¨ëÒÀ®ÃEÆs
ngon1, ngon1.wav, ¾bÑÛ®ò»Ï¦wÓi
ngon3, ngon3.wav, ÑÛ®×İ®«ö
ngon6, ngon6.wav, ÓàëşÉDÊC©¤ÔéØi
ngong1, ngong1.wav, »êªt
ngong3, ngong3.wav, ¯s
ngong4, ngong4.wav, ©ùÉW
ngong5, ngong5.wav, ©ù¥õ
ngong6, ngong6.wav, ùº
ngou1, ngou1.wav, Ãïé®òj
ngou2, ngou2.wav, ÃÍ¶ş
ngou3, ngou3.wav, éjÍ½¿DìO¶ø¾ÒéMÃÍ
ngou4, ngou4.wav, ævê¢å­ä»â°ÆR±ÎîgÄÛÁmÃïá¼¹È¾C¿¬¼õæ©ğæòjólçWö}÷´
ngou6, ngou6.wav, ö}¼å¿¬ğæ¾CólØ´±Î¶Æ
nguk1, nguk1.wav, Ôj«Î
ngung1, ngung1.wav, ¾Ã
ngung3, ngung3.wav, îRøêò¹Â|
paa1, paa1.wav, ÓrÓÁ°Ô¥¶­w¸´×Ú
paa3, paa3.wav, ÊË©È©¬
paa4, paa4.wav, ÙSÉöªIµ]¯Ò¥¶ª¦Üj
paai3, paai3.wav, ´ûßÕîÎ¬£
paai4, paai4.wav, Öf±ÆµP­ÖºèÙÓğl
paak1, paak1.wav, °Ô
paak3, paak3.wav, ©ç¬f²Ë×½ÌjÅQôX²íªyÉ¢ÄôÀĞ¬Ä¾z©¬
paan1, paan1.wav, Ãk§æÏã¹{Ïï
paan3, paan3.wav, ÏæùK×µ¬ß
paang1, paang1.wav, èÇÜy¸NÏôÌ{Üß©áâ§Õò¯yÊ[²i¼ê¦ëÊqÌòÎÂÛü
paang4, paang4.wav, èLå~¿±´×¼ê´^ÄPì@ğ¾
paang5, paang5.wav, Ù«´Î
paau1, paau1.wav, ªw©ê©ß×K­M
paau2, paau2.wav, ¶]
paau3, paau3.wav, ©HÓå¯pÌCè×ªwì³Ï²×ÂÒú¯¥Ãz°\¬¶
paau4, paau4.wav, èğÍnõ¾äÍ¶]¬¶Ò½ªwäÆÏ²°Ì©´Åá¹^©H§S
pai1, pai1.wav, Üfëí§å¯Ä
pai3, pai3.wav, °ñ­Ú¸D
pai5, pai5.wav, ¸D
pan1, pan1.wav, éŞÄ}¼Q
pan3, pan3.wav, ¼QËëåıéŞõV
pan4, pan4.wav, ÃxòyÄ«³hÍhñõÀWÆIôÄÀ§
pan5, pan5.wav, ¦ÉÂÁøÔ
pang2, pang2.wav, Ö¥
pang4, pang4.wav, º]Õòê¦Ü½İ{ê¸ã®ÕMÔ¸ĞÖ¸NèL¶¾¾ÌªBñ½
pat1, pat1.wav, óí¤Ç¥Ôèï
pau2, pau2.wav, Ù«ÕhŞÀ­å
pau3, pau3.wav, Ôà
pau4, pau4.wav, Êë¸ÏÑNÕhÑ¼
pei1, pei1.wav, ÒïÖøèÉÌ®èÓìwñ]¥Aä|¯Ä¹e³Q©Ü©AÏìÌnÉ¸Í_Ê`
pei2, pei2.wav, Ğ¡ññÉyçŞÉÈ¥öµl»ÀÒïËp§_
pei3, pei3.wav, íWéXØªÕíÄ´§¾·BÌn
pei4, pei4.wav, µ\°ñÔı¬sŞû°àÌ_¶G«@»tªJ¯Ä×°µÊ¯h½}¥Ö¤ñèÇÌìÖf¹e÷×îfïx×¯³²ï@î·ìwãëã¨ÙÁ×ïÓ¼ÏiÍÖÍ¶Ë­ÓAÅg
pei5, pei5.wav, ±A¸DÉÈµl§_³QäÇÕK
pek3, pek3.wav, ¼A
pek6, pek6.wav, ¼Aé¤
peng1, peng1.wav, â§
peng4, peng4.wav, ¥­²~
pik1, pik1.wav, ä¬¹@ãDë¾ğYâvìàøåğIéí°Æé¤ÜmÅRÂ}éq¼A»÷ÅP
pin1, pin1.wav, ½s½g°¾«ó½¡ÙqØ¾ŞtâÖ½¿ßÏõ«
pin2, pin2.wav, ¤ùÛì
pin3, pin3.wav, ÄFèº¤ù¹M
pin4, pin4.wav, «KÙqìkëÅæìàgİäİáë«¯âÀc
pin5, pin5.wav, àO½Êë«
ping1, ping1.wav, ÕòÍåÒİè¹¥âÊqÒcËnÊ[àĞ®\î{«¹Ì{©éÛ[¯y«÷©á
ping3, ping3.wav, ®\¨Ö¸u«÷Áş
ping4, ping4.wav, ©WÏÌ¯yµÓÀc¬iÎ°ÏnĞmĞ·Ó±ÚüàuãM©á«ÌÄ«²~¯¯µûß©¥­»ĞÛ²Ëé
pit3, pit3.wav, ás¿hºJÉ~ÛĞáÁâv
piu1, piu1.wav, î_ònö¨ìñÜ¸íæ¹âº}ÄÆáááIáÀğ·Áeğê
piu2, piu2.wav, ôpèğ¿gÁe
piu3, piu3.wav, ôpáááÉ¶Ñ²¼º}ÅYÜ¸áIí¿âvíæ
piu4, piu4.wav, ¿]â¤î_¹âÖAïì¦µ
piu5, piu5.wav, õNôpñOáÉ×g¶ÑááÕÜÅÀÜ¸Áe¿g
po1, po1.wav, ¦µ«@©Y»áÌiåï´Ê
po2, po2.wav, »á¥rÖÛ
po3, po3.wav, ¯}Ğş
po4, po4.wav, ïåáÙÁcµf±C¾Iíx
poi2, poi2.wav, Íë
pok3, pok3.wav, ôõÒsí£ïöó_åNäÆãºŞª°z¥·²Ë¿\¦µ¼P¾ë¼³óYÃÚ
pong1, pong1.wav, êå·¼¥ãÜ§»H
pong3, pong3.wav, êõÁ½İ{Üßº]êå
pong4, pong4.wav, ´^©Ğê¸Ü§ÓïÑxÍ÷¥éËKÊ¾·¼ÛY¿À®Ç§Ï»H½S·K³ÄÃe
pong5, pong5.wav, ÍfÚÇßç°Fêå
pou1, pou1.wav, çE»§¾QÚ±ñÄ
pou2, pou2.wav, ®ú®EôêæV·Á²ã¨jÃĞ´¶»§éèÖP
pou3, pou3.wav, ³ùçE¾Q¨j
pou4, pou4.wav, ®úärã¼³@«m»ZµĞÑÊ³T¸²§ß²ã
pou5, pou5.wav, Ì¯×Âªw©ê
pui1, pui1.wav, ËòÑN§¥è[ÏBÓÏ­F
pui3, pui3.wav, °tªÍ¦mÎrÉµè®ÚªÓ«¨Ø¨K¯\ÎñĞnÑÏ
pui4, pui4.wav, ½ß±r§¥»pÙãÙ«»_°ö³­
pui5, pui5.wav, ßÊÍëŞå»_­¿Ù«
puk1, puk1.wav, ¤²¼³
pun1, pun1.wav, ©é©Õµf¼ï
pun2, pun2.wav, ©éÖığ{
pun3, pun3.wav, Ï¸Ûâ©räËÌñËX©Õ©é­D§PŞd
pun4, pun4.wav, İ\ÓØó£í¨¯ëêÙÛğÜıÚKÏ|ºn½YÂÏãÒïøÂÚ­D¬Ö¥¯½IÁcáÙ½L
pun5, pun5.wav, ¦ñËş
pun6, pun6.wav, ÚKßá
pung1, pung1.wav, Ô¾
pung2, pung2.wav, ±·
pung3, pung3.wav, ½íÕkÙ®¸I
pung4, pung4.wav, ñ½øLìX³{åéïhË¢ÁO½´
put3, put3.wav, ôúÃæ¼·¼â
saa1, saa1.wav, Ğğ¨F¯½¬âÔ£²ï¤ÊÃT¸ÆÚ¯×âÒ£èİÕfÚÍ
saa2, saa2.wav, Ô£Åx­AÏs
saa3, saa3.wav, ÜÓ
saa4, saa4.wav, ¤Ê
saai2, saai2.wav, ë©çuá¢ßÄÏVÃ¢±pÄÎâ«öñ¯çøşñCíÜ
saai3, saai3.wav, «{®ÍîóÅÎ±ş
saai5, saai5.wav, ¯çÎE
saak3, saak3.wav, ÑãÎãáÂ¯Ááâ
saam1, saam1.wav, Áhö¦ê±å÷á´ºUÉe×üªß§ü­m°Ñ¤Tçxç^ôMÜÉ
saam2, saam2.wav, ºUçxÁX
saam3, saam3.wav, áß×ü¤TÉâ
saan1, saan1.wav, ¶\¤s¬CÏÄÃ»Ôº¬Àªß¬]íèÕ}¼è­¬­Q©k®ê§R
saan2, saan2.wav, ´²¼èÖá
saan3, saan3.wav, áßÓäÏÄğo´²³Ê²R¦Âª·°S¿y
saan4, saan4.wav, à÷´G¼ë
saang1, saang1.wav, µcÍdñæ¥ÍĞ`²Æ¬¹
saang2, saang2.wav, àMÔf¬ÙÒÖÙû
saap3, saap3.wav, éì§£è­ÀKßpÀß»ã×Ùİ÷ÔxØlÛgàÜãQã|ñXäÖ
saap6, saap6.wav, Şoæf
saat3, saat3.wav, ½²ïÖòµ·Ùáéä¼±şåÙçqÂÄîó¼»ój«b¨ê
saau1, saau1.wav, ïeñÍ±éßêİ¾×vÑzß¥ÀTßK®´äf
saau2, saau2.wav, ëKµy
saau3, saau3.wav, æLÚ¼­ï
sai1, sai1.wav, ñs¼¹ñr´ÏÎ¾ÑjÑá¦èÓ}íÇéÊÚèÖ´ÒDÎÅ¿zµR¼R
sai2, sai2.wav, ¨Ï¬~¾pÏsÏV
sai3, sai3.wav, İè²Ó¶Õ´BÛê¥@Ô°¨Çäæ
sai6, sai6.wav, ğfè¤»¼¸b¾½èPàB³u»}éõîÃ
sak1, sak1.wav, Ùl¶ë®§
sam1, sam1.wav, ÙÇçíÜcÔ®çx¤ß÷ıîxåÛãjßŞßi×ëµ`ªä´ËÌß°Ñ²`
sam2, sam2.wav, ÁXåÛÂn¨H¼fÂT÷TÉ³Ë©ÕùçÜí{÷Z
sam3, sam3.wav, ÁXÜcót¨Gº¯Ü{ĞE
sam4, sam4.wav, ÓHÑXÍÁÍì§ÕŞpÙBÕº¿Û§Â¯K
sam6, sam6.wav, ¤°öÌİÒ¬Æß¸
san1, san1.wav, ÏkËÂ²ñ®W¯~ÒÑÉÙ¾N²Ô©DÏÊÒÀñÊØ`àMêPìg¯««H¨¯ÑpÌPİAÏ]¨­ÊXÁ~·sĞE¦ùâ_¥ÓĞ[
san4, san4.wav, ¦Ú¨°±á®fÕ´÷¼¸Â¯«ñŞ
san5, san5.wav, µÇ²é¸Â
san6, san6.wav, ßãÚÓèz¸Â·VĞ[µÇ²é
sang1, sang1.wav, µc¬¹²Æ¥ÍñæÍd÷¥ÚT¹¬àÈÍN
sang3, sang3.wav, ììóO
sap1, sap1.wav, ·ÃöOéìÀßÀã
sap6, sap6.wav, ¤Q¤°¬Æ¬B
sat1, sat1.wav, éü¥¢«Ç½¥·æªëÜ¾½¾íl÷u
sat6, sat6.wav, ØÓÚA¹ê
sau1, sau1.wav, İ`ŞYîÈ²çó¯¿´îëŞ®àªâªêÈÛVÃIÜÛ»`ÄB²Ûåí·j­×¦¬õ^øYñ\çtó®
sau2, sau2.wav, ÃÁîÈ­º­¶ŞY»`¬¼¿´·jõäñ\î§çFâ­æ¼âªÙ´¹¾­îÂ]¦u¤â
sau3, sau3.wav, ÄÃù×âª­º¨q±JÙH¦u½GÃ~Â¸¹Â¬¼º¤Â]Öq
sau4, sau4.wav, ìPôløA·T¤³
sau6, sau6.wav, ¹Ø¨ü°â±Âºş
se1, se1.wav, Ú®¨ÇÎa»­°ø
se2, se2.wav, ¼gªÙÂm±ËË_
se3, se3.wav, Ém³jÂmË_ÖGÍøÖiñ·¨ø®wªÙ
se4, se4.wav, Ú®ìG³DÊeà|
se5, se5.wav, ªÀªÙ
se6, se6.wav, ªÀÅe®g
sei2, sei2.wav, ¦º
sei3, sei3.wav, ÏNªr¸vîA¥|àY
sek3, sek3.wav, ¿ü
sek6, sek6.wav, ºÓàÆñå¥ÛÒè
seng1, seng1.wav, ¸{¬PÁn
seng2, seng2.wav, ¿ô
seng3, seng3.wav, ©m¸{
seng4, seng4.wav, ¦¨«°
seoi1, seoi1.wav, ŞDæîõÇŞBæéëSÙcÑcØóÑCÒgãF­E×h¸FĞØÖª×oİ×ßÎáüåYç­êAë¥ô¬÷hÙú§¿ºL°I»İÁö¸k¶·
seoi2, seoi2.wav, ñrøÏñsëÚæàÙú¤ôégë¥ë®ãF
seoi3, seoi3.wav, íØğnßõÒXÑtÑ¾²vÂã½Ù«Ó¸Hµ|·³»¡µ¶ºéŞÙ¸À
seoi4, seoi4.wav, Ô[ÛOÔ½Ø|Ôp½i¶«Áè««½Ö
seoi5, seoi5.wav, ºüøÏÅè¹Öégñròaµ¶ñs
seoi6, seoi6.wav, í¼ŞÙåÍçVçèçöêìòIígíHºÎğ`ğ^òê±kìôöaõDôüób¹ÖÚXÀGµ¶ÁJ±|¯©ºéò±Âã·ç¹E½ÙØÂğn²f·ñÔuµÑÀæ
seon1, seon1.wav, µºä_Ö­Ò±ÑìĞ½ÎËËÀµr×çÎ}¯ûâb«à®î¸ß¬¬ÎO
seon2, seon2.wav, ºgÑìğiÔGñhµ«
seon3, seon3.wav, ¯CñÚ¿¸®]Ö­äuÊXóÃÀà¼òªäğiëHêvåAáÒÉÇ´S¦ÄÀşµÏ»¹°T¨³«H
seon4, seon4.wav, óÓÙğ¯ÂÚY¹¥ëŞĞJç]âzÚiÄL²E¾JªÒ²å®B¤Ù
seon5, seon5.wav, §m¬ŞİãÙp
seon6, seon6.wav, ¶¶®î«àÓíËÀÙp
seot1, seot1.wav, ©ÅÛØ¦¦¨ùÁ¬Ü¾²vä°ºL«ò«ÓÔ½ßB
seot6, seot6.wav, ÎOÎ¿³Nõ}×³­zà´Ìõ¥ºÒí
si1, si1.wav, ã¹¤rù^ÅîîÖ¼Rö°·à¼¹¼r«Í¨p¸Öµ·´µ¬I¥q®vĞ¹«äëkùqğÏãñîwÚOİñâSÍGÔTäãæÈäæëWæëæBæÍãzÓ¸ÖêŞiß­íÇø|á@ã@àÂà®ùHñ«ÍïæÖ¿zöÆ
si2, si2.wav, øş¥Ú«Ë¥vë©íÜ¨Ï¦º¾p
si3, si3.wav, ÏNì¾æB¾o·I¬Iªr¸v¶İàY¸Õ«ä¨ÏÑûë¬ÖÎ¥|î°¸w
si4, si4.wav, Şcóöî×®ÉâM¶ö´£ÎjãÂ°Íö­
si5, si5.wav, ¥«Öz¸Õà°«î
si6, si6.wav, «ÏÌó³aÙN¥KÊæØíàjë¨¦øãÂÊáî°Øö¬O¨Æë¬¥ÜçÉµøÉà¯ç¤h¤ó¨Í
sik1, sik1.wav, ÚbÙ¶ä£¦âæ|Ù¦Òrà«Óìà]Â¨²XÁ±ÛKéìç¤ëM¼]¼óÑŞÛWÛo¦¡ôÛñiãmãÍôæÁ¥öKáâÀßøÀ¶½ãñÃÑ®§¾AÄÀ±¤¹¢ªR±x·@´·º¶»ëæ³©õÁµ«ø»hŞÕëg¶Şê³¸ıä­
sik3, sik3.wav, ÙI¿üãü¨ëãm
sik6, sik6.wav, ®gÑÈØç­¹»k
sim1, sim1.wav, ÒÄ÷ıÖÓĞs
sim2, sim2.wav, ¼èçÎŞlÙ¥°{°¢ŞÛ
sim3, sim3.wav, ĞsÕlÖÓ
sim4, sim4.wav, ¿G¼`ÂÍ³æÀÑÙÍÁIÃ²òîÃÊãö
sim6, sim6.wav, ÄºĞæ
sin1, sin1.wav, Ã»÷_Éw¥ıíèÂA¥PËIªÄÜ¹îs©kÕ}ÔºÚuÉĞÒ¹
sin2, sin2.wav, ×Ô¬~ôGídànİKîİÚæÒ@ÂAÏs»ÑÄöïûãBÎhÅ~ËÎÒv
sin3, sin3.wav, ãRèHôíî­ãÈÓ}õbÄÅ×üº´ÙÎãfêÆ¥ı®°İµ­Å¸¢½u
sin4, sin4.wav, ÁIÂÍ¼`¿Gäçëî³æÜ³
sin5, sin5.wav, ÅëæIöêøÖ
sin6, sin6.wav, ¿¯Ü³ãÈÄÄ³æµ½ÁI¾ÕÄºÊéÛC¸rå¸ÂµéQãfåMÓ}åRèTéÍòÜ­Å
sing1, sing1.wav, Ş¼´iïXŞzÚdÕ¨óïî|Ğ`ÑSÊ¢Án¬P³Ó¤É¿ôª@µV¸{°¥æŞ±ÜÍd
sing2, sing2.wav, æŞÙû´i¿ô¬Ù
sing3, sing3.wav, ¸tÉo©m³Ó©Ê¸{Ğ`Ûë
sing4, sing4.wav, Şh¦¨øØÉ¡Î®õ]éz×uôĞä¨ÑÔÑhĞº¿IÜæ¥àÃ·¸Û©Ó²±­¼«°
sing6, sing6.wav, ÑÔøØİOÁË³Ñ­¼²±
sip3, sip3.wav, ¯AÄáÂ¿òèÄàÙ[Ù`¾ùÀèñ¦¬BõÔøÃãQ¸­áÍçõÛgİ÷åaØlñ¡
sit3, sit3.wav, Á§·¤Á¶Ù[ÙñØ·âJÔLÒÉÊgÀèøÃ¦Ş²ØÚòøÅªnäÁ«´¬ª®hÅÑöÓõºåaÜ¾Ù`éh
sit6, sit6.wav, ¦Ş»k§éÙ`
siu1, siu1.wav, ®´æØÁh÷NôWßêæFÂ­Ãtµv¨v¿½®d¾P¿N®ø¾]³pä]ïiß¿ßoß`Ú´İx
siu2, siu2.wav, î§ÁQ¤pßN¤Ö
siu3, siu3.wav, ¤Ö¼SêS¯º
siu4, siu4.wav, ĞqÏĞÊL­|»à
siu6, siu6.wav, ÊsÏÅßNïo²Ğä¢Ù}×¸Êo»Fªò®ĞÎUæL¥l¥ü
so1, so1.wav, ­ö¥ÔäVÕf®PßY»b¨Ç¿uÕÄ×aßn¶ÛØT±ô®Ş²¨²ï½­
so2, so2.wav, º¾æ¨ØûÜÔÂê©Ò
so3, so3.wav, ²¨¨Ç
so4, so4.wav, ¶Ì
soek3, soek3.wav, ïúæ|Åà¤cÃ{«d¨@
soeng1, soeng1.wav, Á¸÷¹õÒôf÷îø»Âù½c´öÁ÷ÂÒ¼Ü´[Æ^Ä\´ğù³ù´ñî°ÓğÚæi¶ËõÈæçööçN¬Ûß¹ÙEò]â¹ÄìôHö§
soeng2, soeng2.wav, óĞ½à·Q
soeng3, soeng3.wav, ¬Û
soeng4, soeng4.wav, ±u­ÕùZÀ|»nÀv¹Á±`ëø¹ß
soeng5, soeng5.wav, ¤WïA
soeng6, soeng6.wav, ¤W©|
soi1, soi1.wav, ŞBÒB¸|ÄÎÔT«ä
sok3, sok3.wav, ñaæØã·Ï©âTŞMİxÜŞÕÖİ}®Ò¯Á¼Æ¶ìß¿ñc¹Â¶Û
song1, song1.wav, ³à®á¶Ú
song2, song2.wav, ¹×êÜñbó¨åææÊİºâ´¶Úë{²náÔ
song3, song3.wav, ³à
sou1, sou1.wav, İiŞRò²ó®øÙÁbÅÈíëÄ¬ÄÌÀÏÅ½ôZµd·k¿q¶p
sou2, sou2.wav, ¼Æõä±½·A
sou3, sou3.wav, æ±ã¥ØWÔµÍA¶èáÂíMíëİhº¤êŞâZ·¹±½¶ì¶D¯À¼ÆİB
suk1, suk1.wav, ÕÇäaèÄáÚàô¨û±JµÂµ¯°¿¦g½¶ÖZöIéËî¢ïmğ÷ñì÷{øYøeÙÒÏ©ßoõ@×_É§å¥ù¥äHÄBñ\ÃIç\µàÁPÒPÁY
suk3, suk3.wav, ¯Á
suk6, suk6.wav, ø§òâøâòíµà©o±E¹ÑÅ«¸¾²Q¼ôÄİùÉù¦Ôç
sung1, sung1.wav, ĞÛ±qÃP²S·C±]ÎeÛp§ØªQãİêCŞî
sung2, sung2.wav, á©â¬ï[ÚÜÜÀ®ª¼£Áqİn
sung3, sung3.wav, °e§º
sung4, sung4.wav, ö©±R
syu1, syu1.wav, µÎ®Ñ¼Ï§çŞ@ïÒÎgÓVÜ\áİåÌ¿éğğ²şÀÏæ«óñßPÑÌ
syu2, syu2.wav, ğLæa¹«´»¶Á
syu3, syu3.wav, ±f¦§«\óoß}³Bğè¸p®¤
syu4, syu4.wav, ¯ü¦¶ò­ßïĞÇÏxÌæö@É_ÃÅ»ËÁ¦®í
syu5, syu5.wav, ¸pÁ¦ÀÆ
syu6, syu6.wav, ¾ğÀÆ½İØ×ß}ßò¸pÁ¦æ@
syun1, syun1.wav, Õ¯ëNµm»^ÑªÒ©íşÙUİ»Ş±îß¶¸Ş¬®]»Ä«Å´è
syun2, syun2.wav, ê¿ÙJõW¿ï·l
syun3, syun3.wav, »[´èßHèúºâ²R¿ïÅp
syun4, syun4.wav, Â{²îç|İòázë¯İøßíàyà¡óaÁÙ±ÛºxĞiÖoæ¢ëÌ
syun5, syun5.wav, §m¹m
syun6, syun6.wav, óaíÑß{ŞµÅO½f
syut3, syut3.wav, Ô|÷«³·»¡
taa1, taa1.wav, ¦ïà®ÎÀÍ¢¨e¥¦¦o¥L
taai1, taai1.wav, Êy
taai3, taai3.wav, Ş^ØVÉàÜg¨O¶U®õºA¤Ó¤jí`
taai5, taai5.wav, Îû²ë
taam1, taam1.wav, ¼Âãd³g±´
taam2, taam2.wav, ¼Â´àÜÁáTå«ëØÛeöÌ
taam3, taam3.wav, ¼Âã«öÌÜÁ±´
taam4, taam4.wav, ½ÍïJÔßåEÔ¼ğØéÅ²Hôìó^òÆğ¿ì\êH¼æÃÓ·ğ¿F¾èµ÷Â»ëàå¡×èÕXĞË
taam5, taam5.wav, öÌåEØxëØ¿F²Hí¯óJ
taan1, taan1.wav, æIôÎÖ£×R¹ÄívÅyåCÅuÅõ§~
taan2, taan2.wav, öÌ©ZäçÅõàºËã³RÊØ¯nëàÌHÜ³òé´àÍcÍl
taan3, taan3.wav, ¬´ÚEºÒ¹Ä¼Û
taan4, taan4.wav, ŞÆóGøS¼u¾ÂÀÈÌàøg
taap3, taap3.wav, ÁÏñe÷o¶ğ©İ¶òºfÜÖºª»½ÕğØZİ­âkçÛë|ëıñYñlö®ó¡Ó¯
taat3, taat3.wav, àÜö®Ã¡»½¹FÅ¶×Ù¾ØÄ¾ĞOökÍĞ
tai1, tai1.wav, ±è¾O
tai2, tai2.wav, Ê^Ú»Åé±è
tai3, tai3.wav, ãüÏp­çİè´À½l±P®÷çÂ«cîKÙVåóñ¼À¡ÍĞ
tai4, tai4.wav, ÍöëÂÖkÙNåwØêæÈë¼îàø|ç¯çÉÃD³ö³Ú´£¿á¶¬õl½{øgöÂõ¥õxÓwñÏî©ëJëÛâıÔVßWó»Ú×Øº
tai5, tai5.wav, ®X®­§Ì
tai6, tai6.wav, §Ì®X®­
tam5, tam5.wav, ßD
tan1, tan1.wav, ÚYÔtãÕÌÎ¶»é´ÒK§]
tan3, tan3.wav, ¿Æ
tan4, tan4.wav, ¶»Ùp
tang4, tang4.wav, ëÓÃÃÙpëfê×ÁÃ¼ğÄË¯kÄğ
tau1, tau1.wav, ØÁ°½
tau2, tau2.wav, ï®ÌDÓYõõé²
tau3, tau3.wav, ÍS³zÔÈ
tau4, tau4.wav, ×óŞ¤»ë§ëÀY
tek3, tek3.wav, ½ğ
teng1, teng1.wav, ÆUÅ¥§v
teng3, teng3.wav, ¸¥
teng5, teng5.wav, ¸¥
teoi1, teoi1.wav, ±ÀÚYça
teoi2, teoi2.wav, Íí»L
teoi3, teoi3.wav, °hëa²æÍçµ|¿Æ¸Àïa
teoi4, teoi4.wav, ÀZ§ÌòÎò§ñÂÉŞèªóRàù
teon1, teon1.wav, ´øÍµÔtë²
teon2, teon2.wav, âØåQ÷b
teon3, teon3.wav, Î½çÊ
teon4, teon4.wav, §y
teon5, teon5.wav, İãß~¬Ş
tik1, tik1.wav, ñ¼ãüÅDòsöTô¨ïÑèiÕRÓâĞ×¼|³|ÊÖÊ×±§­ç¶UĞÔ
tim1, tim1.wav, ÔìÜ_²K
tim2, tim2.wav, ©½Õb»QäÎ
tim3, tim3.wav, Õm×R
tim4, tim4.wav, Şx²¢«ïÙëÛ°
tim5, tim5.wav, ÷zÕm©½«ïÎÒğeäÎ
tin1, tin1.wav, ¤Ñ
tin2, tin2.wav, çéĞİÕîÀSµÉëüËmÕbÑaÚ©Ù§
tin3, tin3.wav, Ú©âĞ
tin4, tin4.wav, ¬Ë¹fÂõÌúİ§æÔæÃÌZóGö¸¦ú·¿İI¨l¥Ğ¶ñ
tin5, tin5.wav, Ïf
ting1, ting1.wav, ËmÅ¥¥ÅÉï§vÆUÕ¹ÖLß^
ting2, ting2.wav, Íî×MÖpèoì[Ëm®¼
ting3, ting3.wav, Å¥®x§v
ting4, ting4.wav, ®xÑaç»æûè¨Øë´@°±âW§Ê«F¸»¾^×lÙêİÊßMß^ß¬õ¹
ting5, ting5.wav, ÖpÉn×Mèoéîì[®¼Ñaè¨Íî±ò¸¥ËmÖX
tip3, tip3.wav, Û÷¶K©«ËáÌ£ªg
tit3, tit3.wav, øRì¨ä«ÃKÅK×¦
tiu1, tiu1.wav, ¨Ù¬D±nÎ¹ÎÉÖ½àKçtàfçs
tiu2, tiu2.wav, ÎwàfÑØ
tiu3, tiu3.wav, ¾fğ£¸ĞÑØÓmàføı²·¸õÚø
tiu4, tiu4.wav, ñkàfìÏ­|÷²õ»ìUèÔçtÌ¢½ÕÃWÒë¸õ±øÖÑ¨ÙÌg»mÊLĞq
tiu5, tiu5.wav, ÚøÑØ¬D²ÀêµìÏ±ø»¯àK
to1, to1.wav, ¥¦ÙiÉæ¦ï©ì¨e¥L
to2, to2.wav, §´¾òå»
to3, to3.wav, İıÑş³è
to4, to4.wav, Ü]×²ÎûÖãìsÊW²ëÒÙ¦ïà®Ø­ÏQÌ@ùeÌ[âöËD¦ÀÛá÷¢¾m¹¤ªûÀkªb¶Y
to5, to5.wav, ²ëÎûåW¾ò§´ÛáàÒ
to6, to6.wav, ¹¤
toe3, toe3.wav, ³è
toe5, toe5.wav, ³è
toi1, toi1.wav, åú­L­aÏÔì|Í×
toi2, toi2.wav, Êy
toi4, toi4.wav, èõ­aèÎÏ±ÂÊ¶`Âi»ä¯àÍ×ì|©ïìÕ»O¥xô¦òHÊû
toi5, toi5.wav, «å¬pÖíÛß­¤ÜLèÎ
tok3, tok3.wav, Ûû¬làåÍKäßéÑô½ËÉÉGöû¾z©İ°U¦«ÕIØO
tong1, tong1.wav, óxÅLíıôçñAæóøéÃíç°´ööm
tong2, tong2.wav, ­ÕÄÒñA²I½öù¿øøøªø±÷Ú©®ÅlÕ\ôçñf
tong3, tong3.wav, ¼÷ôç´öáòÀú½ë¿S
tong4, tong4.wav, İNã±âµ¿eóxî¹ë]åèâÁà~ŞFÁ®¿}ºÁÁŞ·e´ÅëÃ½£¼l¶í­ğáıéÙ°óïOæÉö³ñ_Ãí
tou1, tou1.wav, ÑGÁĞá¤İEİ°ÌqİmâO±ÇêÖİ[¬«Ãüã{É{ãæ¬D·Ê¥oÅ¹¸l
tou2, tou2.wav, Ëz°Q¤g¦RÃ«áSØAŞô
tou3, tou3.wav, ³è®M¦R¨ßµéÔËóæ
tou4, tou4.wav, İ°ìféLïBã{ÕÓìúµéìAÑÌäYßPìÛ÷»ô±ÑrİSñ×ñµïb¬«Ò\ã­è`³³±Ç²^ÀÜ±O²şÚÙ°Ş»ÆÂhÂvË×ÎBãpÑ¬°k÷Äâ¢á¹ŞöäÃ¹Ï³~®{¶îµå®çŞÈ
tou5, tou5.wav, ¨{
tuk1, tuk1.wav, ¨rñİÒ`
tung1, tung1.wav, çfÚğækÖ¢«ğ³q§w
tung2, tung2.wav, ÎT²Îµ©±íÑ¶ßJË¾
tung3, tung3.wav, ¯kµh
tung4, tung4.wav, æwÉi¼àÊcË¾ÒuàJÓ¦Ö¡ÛÂßJà\§Íé³é½é¿éçàËêYí±íâğ¢ÚğäĞÚêÎ@ÒhÎT¬}¦PêóïnÃ]µ£»Éµ©Àû¯kà¬®ä«Ğ¹­
tyun1, tyun1.wav, Ş~´øë²
tyun4, tyun4.wav, èáååÊÎÍÏ¶»´°¯Âøa÷¸í¾Áv÷­âwÜÇ¤Ù¹Îóq³b§yÄ{áŞÊ­ÊÜÍµÔk×ÛáÆ
tyun5, tyun5.wav, Â_
tyut3, tyut3.wav, ²æÑ¾Íç×jÕ¿µ|
waa1, waa1.wav, µìØ{ÖÊÔ¢ÒûÎJ¦¾ÃÏÏq©KºÚ¥W½½¼M«z«½¦E¦Ãôóİ¡ÁÅâpó¼æêŞC«õ
waa2, waa2.wav, µeÔl
waa4, waa4.wav, ÷~Ôõèk¼M¾ìørôó¦EµØ×şØ@ªá
waa5, waa5.wav, ½ï
waa6, waa6.wav, æEàGå_åÔáãßhÚîçäø¹ğpÖñªá¸ÜµeµØ¾ìßüÔõ
waai1, waai1.wav, ´Q¬nŞZòf
waai2, waai2.wav, ´Q
waai4, waai4.wav, ²aÃhòfºiÀòÊäëv÷òëwôT
waai6, waai6.wav, §¥Ñ}Ãaæ´÷ö
waak6, waak6.wav, Õn©Îµe¦E¹º´bÏñÚFåTî¥ğpó¾øOìÄÑÅãÚ
waan1, waan1.wav, ŞØæUÅsÆW
waan2, waan2.wav, ºí
waan4, waan4.wav, æöĞ½ôŞ¿JÆWøUÊêò´éGö`Áì¾È¹xª±ÀôÁÙéSöl
waan5, waan5.wav, ñÃ»µ®¾ºíòFèu
waan6, waan6.wav, ±w¤Û«Æò´¸æâ¡¯té¦îJòFôŞê|ÑI
waang4, waang4.wav, ¿ÅÃAÙhë°÷m¾îÆdØt
waang6, waang6.wav, ¾î
waat3, waat3.wav, «õºWÊHÚ_íR
waat6, waat6.wav, Ã\ëb·Æ·â
wai1, wai1.wav, «Â·õãåç¥Şkç©´QçĞ¶jß»Ü|­Ø©eµä
wai2, wai2.wav, ÷JĞjìıØĞ¦ì­Øİ_³Şñ÷ğ©éåãèàéß¯ßyÕB·õ­kôÕ³ç½ÓÀìãå©e°ß·´¦äµT¥cµä
wai3, wai3.wav, Â©âïáJÁºîPìŞæÄ¿Ğì^³Ş½«±LÁı¬È³çµä¼¢Ğj¼zó}ò¾îBòØÑ}öwêàê[éôéAöhÛJæt
wai4, wai4.wav, öå¦fçÇ³ò¹H±©îã­³¿òÙøïtæ\ÜQÉI°ßºû¬°Àåèa´WçpÁòØz±c®é
wai5, wai5.wav, ¬¨ğ©°ßîãòbÖ~ß¯ğ¶ÂCèCå»çpİğØ÷äèïô°¶¥c­³öqŞ³ŞmİÂÙøñ¤¸«¿Ğ½n
wai6, wai6.wav, ôüåÍØ¼Ş|å¢çVéØ½nãèğÀòúóbØz÷Y³ç³Şí¼æY÷[¦ì¬°¿×÷c½Ã¿ò¼z­G´fç³·J±k´ôíHÑ}¿·
wan1, wan1.wav, ìYëpêÕâ¾îÁâgóIºr½E·Åî´¶óëdájó³
wan2, wan2.wav, ë¶Ä­Û`ÕÕêÕÙ@İ¯Ã­ó¥Áßëpíôâ¾·Y
wan3, wan3.wav, Û`ó¥ë¶íôêÕ·YÁßİ¯Ä­
wan4, wan4.wav, ¸aŞeâ¼à¨İÌæXè£êÀêÔêüí×ïLñIÏá÷ËËNÉ´­û¶³¤Ã»î´ı·wÜ¥¤ª¯Ğªå¯ÆÀ_©û·éÊ³ÙĞ²VÏÚ
wan5, wan5.wav, ÜuÓGÊé¤¨Ë°äÕËeÛ`×]ñv¤¹¹kâfÁßÄ­Ãı
wan6, wan6.wav, ­ûÏáµOŞkĞÜæãäIÕ¥²V·wÃı¼÷§¡¹Bë¡ÑI´ıñ£Ù@ÜPŞTïLáÄñ¨
wang4, wang4.wav, ×ÍìSÀ¯étèbäÂÜrĞ}ÓgÓTÒGĞAËRÊvÚİÓc¶£ªl¥°§»
wat1, wat1.wav, ½«ã¦êàõ·ó³ùÆùÑ­§±Lè¥ÜÚ©}Û`â¾Æ{âê¼÷ÛÜ
wat6, wat6.wav, øZ÷}æzö¼§zğqİLì£ëÑêRæDİ¬ËSÚÃÊìí|äû¦Öøf®Ö
wik6, wik6.wav, °ìãÚßCÕçÙµáØßgãkìHñÀ
wing1, wing1.wav, ¥µ
wing4, wing4.wav, ÙhïüôÆÀ¯ºa
wing5, wing5.wav, ¥Ã
wing6, wing6.wav, ¿oß®µúåùæÎªaîÉ
wo1, wo1.wav, ğ´ÔëéñèAÚs¾â´E³ú¸^­Ø½½´õÁçºÛ¸±
wo2, wo2.wav, ÔëÕ¦­ØÔÖ
wo3, wo3.wav, ÕâØ{
wo4, wo4.wav, æ]÷Ï¥İ©MÒÌàÊÎJÌQ
wo5, wo5.wav, Ø{º×
wo6, wo6.wav, ©Mº×
wok3, wok3.wav, ñtò|ôÉ
wok6, wok6.wav, ÷iê¹ôÉğCïæÀâÀÃ²}ìÄÃ¬ÀòòEğp
wong1, wong1.wav, ¨L¤qÊ¿
wong2, wong2.wav, ïë»¥ªP
wong4, wong4.wav, øoØîØÎÃAİóæ}êIßÍíµ¬ÓçJõvÁD¿Xó¿óLğÁïRîÚ´q¹N½À·×´a¶ª°ÄÂ®Ø±¶À¤ıØtÔ]½hæCµG
wong5, wong5.wav, ©¹Ù¤
wong6, wong6.wav, ¤ı©ôÍÍÙ¤
wu1, wu1.wav, ïzØ@âdĞÅÏrÊş¦¾¦dÜªà©Âë¶ãÖÈëh¯Q¦Ã´c©óÖ§
wu2, wu2.wav, ¶õÒéİTİ³âq®¸
wu3, wu3.wav, ¦Ãäú´c
wu4, wu4.wav, ·äØÈÚp©MëÙïM²}İíçÁèÜõ|õ¯õt¸¬¥G´ò­J½k©·³ıÄG½¹ª°
wu6, wu6.wav, ¨[²}·±º­É¼¨¡Ëy±¯Ì|Ã¬¤á¤¬Å@ßcåîà×çzæhÌ^ÌÈÀâÒéÔ×Ü^øQøOğ~Ìáäjáqál
wui1, wui1.wav, ßÚÙm°¹·ÛíaÚDÜ~İÛµT
wui2, wui2.wav, µTîç
wui3, wui3.wav, ìŞîP·|ğU
wui4, wui4.wav, òÇÖ¤ÓÊÙOÒtÎÈË¿ÏwµîàP¦^°j«Ş¯õ
wui5, wui5.wav, ·|
wui6, wui6.wav, èKŞZåIòÇõFínîPğ_Àí·J¶×·|ğ|
wun1, wun1.wav, ÔÎ½Ü­æ²ğ
wun2, wun2.wav, µÃ©{²ğ×Eµp½Ü­æÙ¡°û±{ÕgÚºÒF¸J
wun4, wun4.wav, ´Dõ¨½wø²î³àXßlŞ«ñq´©«®ã¾®ÙÛ{Ó{ÏÂßd¬§¬¸µEÎz
wun5, wun5.wav, Ú¾èuÚº×EéëÕ©ÒF²ğµpßd
wun6, wun6.wav, ÌÔ½wæöädÜMÊêÊÚµA«·ºÈ·Ø³êª±´«â¡ÊºŞ½Ëw
wut6, wut6.wav, ËÃ¬¡ÌöÒğÎbßªàa
zaa1, zaa1.wav, Øs¬d«¥â¢´íâí§ìİÓ¾âÏH¯¤°¯ÎaÎáÒaå×çÒò¬¦\³åêtÌ¼ìùïfíî©Qçhùf
zaa2, zaa2.wav, ìzğáĞxĞu
zaa3, zaa3.wav, Şo¬gõÄØhÉÍ²È³KîÊãÜ¥EŞKĞxÎaÊuÒÆ·c¦\¬µº^¶B©QÉêĞu¯¤ìz
zaa6, zaa6.wav, ¥EãÜø¢©Q
zaai1, zaai1.wav, »ôÂNÑÇ
zaai3, zaai3.wav, ²½¶Åêq³d
zaai6, zaai6.wav, ®ã¹ëË¤Ö°Ö¹İ^
zaak3, zaak3.wav, åãÌh²ÈÍ~ĞµÔz×Ví½ğóø¢¬g³K¹É¯¶³dæÆĞ§¿lá²©Qğé
zaak6, zaak6.wav, òìòáÅ­ğøßÃïÑ¹É¸A¾AøáæÆ©QÌhğóŞãø¢ä½¾Ü¦vºKÂY¿A»CÂÖÉGìúÒp
zaam1, zaam1.wav, Â¯æáÛÚÅØôîäıíÈ
zaam2, zaam2.wav, ¹ñÎõ«ç±ÙÔñùd¯w
zaam3, zaam3.wav, ÅÙ´ï¹ñÔN
zaam6, zaam6.wav, ¯¸ñEÃõôdÃ_¼È
zaan2, zaan2.wav, Ú~·øöãùoÎõè\õÁ÷|´Ì
zaan3, zaan3.wav, ÅØ¼¶ù±÷föëöÙÅĞÃÙÆg
zaan6, zaan6.wav, ´G¹¶öãø·ëYÅĞà÷¼¶ÁÈóXòüê¿ÙeõWèJ÷İ´Ìºì
zaang1, zaang1.wav, ÄJª§¤B±Ã¸C¿şºå²u±W½ØÚ¥ÙÑ
zaang3, zaang3.wav, ½Ø
zaang6, zaang6.wav, ±Ã
zaap3, zaap3.wav, äöäı¤ãÌÀ²ÏÔXÁ·àÄÔx¬]ºPãZóCÔs¥`Ëß¯{¯w
zaap6, zaap6.wav, åÕÅ§¹hÁ·îõá¯ÜkõR¥d÷±øÍöyñ¡í©õBÂø¶°²ßğß¤°³ãîhè­îÔ
zaat3, zaat3.wav, ãKÚoãZ×¬ĞõÎßªî¥¾¤ã²ÏîÔ
zaat6, zaat6.wav, ¶úã°¯eöÙ
zaau1, zaau1.wav, ï£°ç¼J
zaau2, zaau2.wav, ©ª¨y¤ö§ì§ä
zaau3, zaau3.wav, ¸nÓEãU
zaau6, zaau6.wav, Âg´Í±¼ÆJóä
zai1, zai1.wav, ÷löÒÅEø~÷ñ¾¯À½îôïrïİñé
zai2, zai2.wav, ÀÙ¦_Øæ¥JÌş
zai3, zai3.wav, åÅâÛâ¸Ödê¯ÔkÌşò¦Ò¦ß÷Å´Õ®´w²½»s»Úæ·ÀÙ¨î
zai6, zai6.wav, áZò¦ñ@ìÁä`º¢¾¯è¤Ö°»ôòxìã
zak1, zak1.wav, ´Z«h°¼¤·ÉzÌÊØçßÁÚÚÃV
zam1, zam1.wav, æáßºâìåjîÑîÓÕºß¸ÑVùzõu·rÏ[Ş²ÚÔ°w¯zİÒ½e
zam2, zam2.wav, «çäıªE
zam3, zam3.wav, ®û¨HÚÔ·`ªEÙ_ÜqİHòû
zam6, zam6.wav, ¾}Ö¨®Ó¨IÑÚ×ò
zan1, zan1.wav, ®¶ÜÒğ«æĞĞeºÂ¬Ã¯uô§
zan2, zan2.wav, ÷Èêİâ\×¿õhæÒÜHÖìÖ¨ÒÔÒÁĞeÌº¿¦¯l¶E
zan3, zan3.wav, ßñ­ÎâĞÌÎÓUÍà®WäJ»¬¦`®¶¾_ª¶Âí¶ñÎÖî¯
zan6, zan6.wav, ÓU³¯â^°}Ö¨å½
zang1, zang1.wav, Í©ÙÑ¿ş±W¼W¤B¸Cºå½Ø²u±Ãª§Ú¥÷¥íãí¥í¤ãfÔ¿ÔÉÔöäø¼¨Â¹éÁ¹¬êe´¿
zang3, zang3.wav, ½Øíp
zang6, zang6.wav, ípÃØíãÂ¹
zap1, zap1.wav, önÚSÔdæO·aéïîDíŞåzäØ¥Ä°õŞ¿
zap6, zap6.wav, Å§¶°ó{²ß
zat1, zat1.wav, Ñ¹ÏLË»ÑÓËÚÑKÎ·ÑèÕ¸îpä~òWõc½èô~øKã£Ğ»
zat6, zat6.wav, îpô~æıÏ£ÖÇÎÙĞ»Î·ËÚä~¯eë\Òì²¿¶ú«¿Ë»µíÑèáşã°îh
zau1, zau1.wav, ÛhİyÙÅÙ´Øv×êÏ|ËÅÁİ³µÕpçÔ°çî¤ÚGç£¹Q³î´ª¦à¶g¦{©P¬wÖEäªàzÒºÔÛÕPñ¸Ùjùiø¡öNóôóÈï£ãiçêèMíyõ_
zau2, zau2.wav, óÊŞâ©ª¨y°s¨«
zau3, zau3.wav, ÙÔéBàEäğâ×ÎCî¤¯¬«µàğ½K±Ş©G´~¿¨
zau6, zau6.wav, óÈ¶bÏ»ølïníÙçÌàğÔ@äğÌ¦Ã³­H©¦«`éá¬ôÆJ©z³S´NèË
ze1, ze1.wav, ¶ØìG×Ã®a¾BğèÓ_áwãµğá
ze2, ze2.wav, ³o°ôëã½ê©nÔã©jªÌ
ze3, ze3.wav, ³o­É½©ÅÂÏCÔzî[ÂÇ
ze5, ze5.wav, ³o
ze6, ze6.wav, ºkÂÇÁÂ
zek1, zek1.wav, ®A
zek3, zek3.wav, î½îY°¦ÁZ¸ñ¯á©İª¥ºTÛôã©ïÑ¥uöÀğù½C
zek6, zek6.wav, »V
zeng1, zeng1.wav, ºë
zeng2, zeng2.wav, ¨ÀËM¤«
zeng3, zeng3.wav, ¥¿
zeng6, zeng6.wav, ¨ÀĞä¾G²b
zeoi1, zeoi1.wav, Ûøóëñ¶À@´ÕàÕÌ`Ó_ªqßÆİŞ°ï³IñÂÛ^Õ¯ª®Ûí¯jÔÔ«AĞu¯£½i°l¥BÙcá«
zeoi2, zeoi2.wav, ÄÔÏÑíZébìÈá«áªàCªqğFĞuÌ`ÍD©C¼L
zeoi3, zeoi3.wav, ÑYè]ºó¿¿³Ì´m¨¬¾KŞõöåªqëôÂØìüì]ÑÁÙ¢èaÖîãcÔeëç
zeoi6, zeoi6.wav, Ì¥âğªqïÈ¼YÀ¬±Ô»EÑTÂØ¸oÚ^§Çã§â©âÕØÂêØ÷p×ÃëªºóÍ¹¿¿à¼¶¤íIÀGÄÔù[ÍEğ¬
zeon1, zeon1.wav, ªÒ¾êÅOøbÊÜÍÏÏşÕ¯ºd¿²½Î¤Ù¬z¿í´LŞLŞ°æWâÓåJôëøWØ³×ÉğmîÀé×Ò´¹¶Ê½ådÔtã¸÷ª
zeon2, zeon2.wav, ëµğ°öRãbÔ­ÔGÂu­ã¾¨¯Â·ÇºÉ
zeon3, zeon3.wav, İ¨µ¤ÅO¹m¶i®ÊÀà¿§Şa«TÖMÚ­ÑÁßÎè}èÅé]êhííñÚ¯CÂ@®mêQÕ¯ìÂÌãâ]¬ÚÕ¬ÛU×ÉŞü
zeon6, zeon6.wav, ëµöRìÓğEŞvíSºÉğ°ÀàÂu
zeot1, zeot1.wav, ÍM²ÒÏLÑ¹çöÛÜÕjÕAÛØĞÉ¨òÂJ©Å
zi1, zi1.wav, ÏÜÓÜğDéú«º¯×´şªÏ¯÷¦¸Õ@Ë[ªKóé¤ó»ô¤äÙÄäº¸êãµª¾¤§ÓSÛUÒòÖÆóù²d¸íºıàCÍrÏüĞY×¾òõ¸äöÒÛHØ[ØÛª|óÏÑòÑóÙØÚçÛ¤İ¥à§âCèèì·îÍïk´F¿Ô®¡¥J§¶ÅhÀE»j§sÀhªÛ«tÎM¯¡½ıà^­O¥g¯Y¯­±÷ÉÓÒÅ
zi2, zi2.wav, ¯ÈÉÅòÚÏüØBïkËEÖzÖCÍ¡Ë¯¬ó·º±ê«¤¬ç¯¡ÏLªé¸äÊtÊªÊïËTË~«üÌşÎIÎÇĞTĞdÒÅÒñÓ¥Ó²Ö×Ü@Ü°àIÑò°N¼xËY¬é©nµµ¥J§}¤î¦x¦®Ëû¥uà­¤l©è³k¯­
zi3, zi3.wav, ½o¼°º{®¡ĞÑÊÛÅ®÷ÁÛI¸şµiĞçÛHŞVİIâÙèxìdìäïÎğôòõô~ö~´¼àk¿ğ¨áÊhÏ£æ`äE»x¦Ü½èÃÑª¾§Ó¸m­P
zi6, zi6.wav, ¦x¹}¸X¦ø¶àÎ¶ªÁ«S¤xË¤²à¹n­¹ªv¦r¦Ûõ©åºì­ÓÎĞÑî¡¿ğìl²©ÔKĞçÑúØôº{àj«ÏÛIßaŞVİ^ÛÒëÂØ^ÖÎÖzª|Ö°õe¨áØöÊWÒ]Ò~Ô_Ë~
zik1, zik1.wav, ÷¬Õ¸¶ÖßéŞùçúé¾êèğÍõß÷HÕHòÛå[ÒÂİrÔzÑKÉ\§Y¿nº{Â´åãÂ¾ÁZ¸ñÂİ¹É®AÃV½^á²ÑÊ¿lÔF
zik3, zik3.wav, ª¥¯á½Cî½ğùòxöÀ
zik6, zik6.wav, ã¡´ŞëzùPã©ª½îhğøÅ­×ûæ`ßÃÜçÕH´ÓÄy®u¤i»V±I¦Áª¿­ÈÂÇÍ¥Ô²ÑKØÓ½CÚAÚjŞùâo
zim1, zim1.wav, ËáÌ£õÏèjÛÚ¦ûòîùTélÀL×£¸âôbîLêJªgº¥¦yÖßÛÑ¥eÂ¤Ä¸ÅØØø
zim2, zim2.wav, äÌ
zim3, zim3.wav, ¦û¹°¥eàıÅØ
zim6, zim6.wav, øÕî^º¥
zin1, zin1.wav, íèÌ±ÑĞÑêÕFÙYÚfÂqîÂóÂïTövöıôhøSøŞøÖÃ»äç·ÎÀÖÆi½pºà²Lèæ´æ
zin2, zin2.wav, â^î¿áÖåCØÄåZùdæùç×ëAî»ğRõÃ÷VóÂ÷äéÒÙY½VåoêLöØ®i¿ú°ÅÄÄéÍÁÓİªÕFŞ¹
zin3, zin3.wav, À^½b´æ¹ÔÅ¸ÂËß°ÂqÏtæâÑå¯òÏ½¾Ôâ]ç×
zin6, zin6.wav, ½âôhÄñ½îÒ¶À^ç×¯òÏtÛÆò°
zing1, zing1.wav, µ×ÓoÏ³»]¼x·©ãRóÛà²à¢ØÌÙşÌMÕ¨ÒÏÒm¯göÑ±ÜºÕØÕÄp©Ã­s°»´¹©º·úêÃºë¥¿ÄJë¹×B
zing2, zing2.wav, ¾ã¤«ÉdİÇ
zing3, zing3.wav, ÄpÉ¡´Vµı¯gÃÒ¬F¥¿à²
zing6, zing6.wav, ²b¹t³ÑßEÔÑĞáè°ÀRĞä¨À½Ğ
zip3, zip3.wav, ¯HùMøBñÆÁ·§éè­·ûÎäÔĞĞÌåzáÍÙ¬±µºPÄà·ªóÈğí»³ÄÙ
zit1, zit1.wav, éö
zit3, zit3.wav, ­õÊîİåéöÚÎÕôÕQÔĞĞÌÍs¸`ÊÆÀÍğK¸½®ıé­§é±¶·ûÏóä`»³énîhÕ®É\
zit6, zit6.wav, Ísù§çøãQ·û±¶ºIÔxãgÔsÕ³ĞÌÛgÔúïÄ
ziu1, ziu1.wav, ©Ûô÷åXêNàúµJêñ¿¼ÁG¬L´ÔøkğÈ¥lÌO¬·°xèÏà¸îé´Â
ziu2, ziu2.wav, ¶ÏÛ¨ªhäò¶ÓÚGåÜæN
ziu3, ziu3.wav, àúõÚæNóM¶@Ãç¬·é¼·ÓôaöõøÉ
ziu6, ziu6.wav, »¦Ã×ïoÏÅöõÎU¶@áóÄZ»¯¥l
zo2, zo2.wav, ®y¶AªıÏH«[¥ª
zo3, zo3.wav, ¶A¦õ©Cğá
zo6, zo6.wav, ×wÍè§¤§U®yĞü
zoek3, zoek3.wav, öõïàÄZ¨@ìïöùĞÓÉßğèÂWåÁõÚÕïÀïÙ|Éş´Í¦q¨¢µÛ®à³¶¬HæËÃº¨ô¤c°uÉÊ¨`ÄNÚZ
zoek6, zoek6.wav, µÛÄZõÚöõ
zoeng1, zoeng1.wav, ½±èR±N±i³¹¼ßö¡¹ü¼ÌákÁ­åÆº¼ºs¼ıîlíÏähÜ´á`ã^áÅ
zoeng2, zoeng2.wav, ïAÉSçC¼Õ½±º¦¼ú´xªø
zoeng3, zoeng3.wav, ÕLê}¹ó±N±i»Ù±b¥MµÈº¦Âæ½ã¿`±£á£
zoeng6, zoeng6.wav, §úªø¹³ÉéõAø_¤VğÇğ×¦K¾ó¥M¶H
zoi1, zoi1.wav, Û¤Ùîë¸Ír«v®â¨a
zoi2, zoi2.wav, ¸ü®_ØæêÍ
zoi3, zoi3.wav, êÍ¸ü¦A
zoi6, zoi6.wav, İs¦b
zok3, zok3.wav, ²ÈßO¬Q¬gĞµ§@
zok6, zok6.wav, ßOŞş²Èôa÷¿öúôÇê¹×n¾LßÃÜ`¬QÆwÒU¯¤ÀŞÌ©¬gÀÂ
zong1, zong1.wav, Ò}§§ÂÃ¸ËÕÎ®NÉÜ»N§©ÅBùÛÅ¼¼Î²ø
zong2, zong2.wav, èÊ
zong3, zong3.wav, æwÖY®N¹­ùº¸®§§
zong6, zong6.wav, ¹­»NÂÃ§§æw®N¼l¼²Å¦ª¬
zou1, zou1.wav, ãÆ¯²¾DÁVÜ·áÈğş
zou2, zou2.wav, ´ÇÏÑò²íjèÊ²Õ¦­ãÆäÅâÑ°D¯ª¾şÄ¦
zou3, zou3.wav, ¨_
zou6, zou6.wav, Ğ_ÍÚßÜáÑíÅËq¯®¨m³y°µ
zuk1, zuk1.wav, ù¦í²áôø­ê¹êÄĞCàÆöùëÇÓzìïéáø§äöÄİÂÙøğØvòâíìàDĞû÷§ÏMõPÃëÃà¨¬øâÄ²¿v¦Ë¯¬ÀëÅñµ°ÒUµ®ªÇÆfçş®»ŞÉ÷¿¼Øé¨øñ
zuk3, zuk3.wav, ®»
zuk6, zuk6.wav, ÷°Äİ©oÃë¬cÄ½ÅNòÌêk¹¾ÁLçbçTŞÉæË¿B«U¶b³v½é×TÄò±ÚŞì
zung1, zung1.wav, ç¶îØğËÄÁåyğû²³æqÚwÍX²FºîînóÆ°Jó½ğïçyæ÷çÀãGâ¦ÙHØâÓqĞÙÊÔ´ÄÂÜ©¾Áa©v²×¤¤²êíÛÏ`¼×Áé¼¥§Øßz¬ØñèÃO±qçIÊ¸÷íÉ±
zung2, zung2.wav, áëŞ¡í±ÁaãÎºêæpÚwÏúØØ¶ÍºØ¿æÁ`¸~
zung3, zung3.wav, µFí±êrºê±qÁa²³ºîºØëïØ¯¶ÍÔ\Ïú¤¤
zung6, zung6.wav, ËdÏõ¥ò³^¹|»w­«±qÓÓæğØØ
zyu1, zyu1.wav, ¯]¨Üïõ¸ùòU¯ü²¹¸İµï¦¶½Ş®è½ÑÚùÃÅ»Ëö@ãØïsï}Ïx´ÂòĞòLà`ÛÈÎgĞ¼
zyu2, zyu2.wav, ØGÒà²Z»u¶Jì¯ªUã}©Ö¥DµN
zyu3, zyu3.wav, Ïg³EÎ_¨¬Ö¾Å±µÛµùÏ®ÒÃÜKºæª`¾nã}àçà¯ÖäÓ[
zyu6, zyu6.wav, ïàºæ°£¦í
zyun1, zyun1.wav, ë¯áWámà¹¹¶Õ¯õÃÜÇöãùp÷­í¾älæª×OÃF­BøWÅOç@¿j¿íÆp´L±M
zyun2, zyun2.wav, ´øøüííÂàÄ¡¼Á÷fÄÚàñä÷ù@ê¿õÁòöùo
zyun3, zyun3.wav, à¹¶ÇôëíÓÑÁÆpÂàÄÚ
zyun6, zyun6.wav, öãÛÆøWÊ@¶Çä²
zyut3, zyut3.wav, ¾õÙtÙä©Fù¨è]ÙåÏO÷İÙe¿¿ãßÍMÙİ·ÇÂJÕsÕ¿Õ[ÒùóãĞêåDä@²ÒÙº°ã½ù©å­_ºóµ´ÛçÚ¢ì]ëçëTßkŞÅõÅÛMòY
zyut6, zyut6.wav, ä`ÕAÕjÂJ²Ò½ù©åºóµ´
